,Code,Description,Units,1974,1975,1976,1977,1978,1979,1980,1981,1982,1983,1984,1985,1986,1987,1988,1989,1990,1991,1992,1993,1994,1995,1996,1997,1998,1999,2000,2001-02,2002-03,2003-04,2004-05,2005-06,2006,2007,2008,2009,2010,2011,2012,2013,2014,2015,201516,201617,201718,201819,201920,202021,202122,RSE indicator(b),% change since 201819,sig(c),trend since 201819(d),Unnamed: 59,reliability of 3 year percent relative SE
1,,Food and drink,,,,,,,,,,,,,,,,,,,,,,,,,,,,,3228.0,3290.0,3367.0,3438.0,3497.0,3582.0,3632.0,3683.0,3808.0,3923.0,3993.0,4137.0,4218.0,4197.0,4243.0,4225.0,4402.0,4531.0,4657.0,4801.0,3970.0,4111.0,üüü,-12,yes,m,,üüü
2,,Food and non-alcoholic drinks,,,,,,,,,,,,,,,,,,,,,,,,,,,,,2613.0,2668.0,2741.0,2818.0,2870.0,2955.0,3010.0,3117.0,3212.0,3304.0,3371.0,3493.0,3592.0,3568.0,3593.0,3581.0,3726.0,3819.0,3942.0,4058.0,3424.0,3502.0,üüü,-11,yes,m,,üüü
3,,Alcoholic drinks,,,,,,,,,,,,,,,,,,,,,,,,,,,,,615.0,621.0,625.0,620.0,627.0,628.0,621.0,566.0,596.0,619.0,622.0,644.0,626.0,629.0,650.0,643.0,676.0,712.0,715.0,743.0,546.0,609.0,üü,-15,yes,m,,üüü
6,eo90001,Food and drink,p,,,,,,,,,,,,,,,,,,,,,,,,,,,,1076.0,1099.0,1100.0,1133.0,1141.0,1154.0,1137.0,1120.0,1133.0,1166.0,1193.0,1209.0,1231.0,1240.0,1318.0,1298.0,1396.0,1392.0,1446.0,1526.0,332.0,894.0,üü,-38,yes,m,,üüü
7,eo90002,Food and non-alcoholic drinks,p,,,,,,,,,,,,,,,,,,,,,,,,,,,,705.0,726.0,739.0,779.0,779.0,800.0,796.0,816.0,826.0,854.0,879.0,895.0,929.0,941.0,1000.0,982.0,1071.0,1065.0,1110.0,1175.0,268.0,680.0,üü,-39,yes,m,,üüü
8,eo90003,Alcoholic drinks,p,,,,,,,,,,,,,,,,,,,,,,,,,,,,371.0,373.0,360.0,354.0,362.0,354.0,341.0,304.0,308.0,312.0,314.0,314.0,302.0,299.0,318.0,316.0,325.0,327.0,335.0,351.0,64.0,214.0,ü,-36,yes,m,,üüü
11,cat108,Food and drink,p,,,,,,,,,,,,,,,,,,,1688.0,1735.0,1729.0,1844.0,1938.0,1964.0,1992.0,1990.0,2083.0,2152.0,2191.0,2267.0,2305.0,2356.0,2428.0,2495.0,2562.0,2675.0,2757.0,2799.0,2929.0,2986.0,2957.0,2924.0,2926.0,3007.0,3139.0,3212.0,3275.0,3638.0,3217.0,üüü,+0,,k,,üüü
12,cat105,Food and non-alcoholic drinks,p,,,,,,,,,,,,,,,,,,,1537.0,1577.0,1576.0,1664.0,1751.0,1770.0,1781.0,1782.0,1844.0,1908.0,1942.0,2002.0,2039.0,2091.0,2155.0,2214.0,2300.0,2386.0,2450.0,2492.0,2598.0,2662.0,2627.0,2593.0,2599.0,2656.0,2754.0,2832.0,2883.0,3156.0,2823.0,üüü,-0,,k,,üüü
13,380389,Alcoholic drinks,p,,,,,,,,,,,,,,,,,,,151.0,158.0,152.0,180.0,187.0,193.0,211.0,208.0,239.0,244.0,249.0,265.0,266.0,265.0,273.0,281.0,262.0,289.0,307.0,308.0,330.0,324.0,330.0,332.0,328.0,351.0,385.0,380.0,392.0,482.0,395.0,üü,+4,,k,,üüü
14,cat106,"Food and drink, excluding soft drinks, alcoholic drinks and confectionery",p,331.0,403.0,469.0,547.0,602.0,690.0,776.0,823.0,870.0,919.0,952.0,991.0,1069.0,1114.0,1173.0,1257.0,1331.0,1394.0,1433.0,1468.0,1469.0,1547.0,1625.0,1641.0,1653.0,1655.0,1696.0,1755.0,1792.0,1838.0,1873.0,1936.0,1995.0,2051.0,2133.0,2209.0,2265.0,2299.0,2400.0,2458.0,2422.0,2387.0,2393.0,2452.0,2532.0,2604.0,2640.0,2880.0,2571.0,üüü,-1,,,,üüü
18,cat520,Milk and milk products excluding cheese,p,29.0,37.0,49.0,58.0,66.0,74.0,84.0,89.0,95.0,97.0,100.0,103.0,108.0,113.0,118.0,127.0,134.0,141.0,152.0,154.0,150.0,150.0,148.0,148.0,144.0,141.0,146.0,144.0,147.0,154.0,156.0,164.0,167.0,171.0,187.0,200.0,189.0,187.0,188.0,187.0,182.0,176.0,175.0,179.0,184.0,190.0,184.0,192.0,182.0,üüü,-4,,,,üüü
19,4006,,p,24.0,31.0,41.0,49.0,55.0,61.0,68.0,73.0,78.0,78.0,75.0,73.0,69.0,69.0,66.0,65.0,62.0,59.0,54.0,49.0,46.0,43.0,40.0,36.0,35.0,31.0,32.0,30.0,29.0,31.0,26.0,25.0,27.0,25.0,27.0,28.0,24.0,22.0,18.0,18.0,16.0,17.0,17.0,16.0,17.0,19.0,17.0,18.0,16.0,ü,-17,yes,m,,üü
20,4,,p,24.0,31.0,41.0,49.0,55.0,61.0,68.0,73.0,78.0,77.0,75.0,73.0,69.0,69.0,66.0,65.0,62.0,59.0,54.0,49.0,45.0,42.0,40.0,36.0,34.0,31.0,32.0,30.0,29.0,31.0,26.0,25.0,27.0,25.0,27.0,28.0,24.0,22.0,18.0,18.0,16.0,17.0,17.0,16.0,17.0,19.0,17.0,18.0,16.0,ü,-17,yes,m,,üü
21,402,,p,0.0,0.0,0.0,0.0,1.0,1.0,1.0,1.0,1.0,1.0,1.0,0.0,1.0,0.0,1.0,1.0,1.0,1.0,1.0,1.0,1.0,1.0,2.0,1.0,1.0,0.0,0.0,0.0,0.0,1.0,1.0,1.0,1.0,1.0,1.0,1.0,1.0,0.0,0.0,0.0,0.0,0.0,0.0,0.0,0.0,0.0,0.0,1.0,0.0,û,-59,,,,û
22,403,,p,1.0,2.0,2.0,2.0,3.0,3.0,3.0,4.0,4.0,4.0,4.0,6.0,5.0,4.0,4.0,4.0,3.0,3.0,3.0,2.0,2.0,2.0,2.0,2.0,2.0,1.0,2.0,1.0,1.0,0.0,0.0,0.0,0.0,0.0,0.0,0.0,0.0,0.0,0.0,0.0,0.0,0.0,0.0,0.0,0.0,0.0,0.0,0.0,0.0,û, ,,,,û
23,404,,p,22.0,29.0,39.0,46.0,52.0,57.0,64.0,69.0,73.0,73.0,70.0,67.0,64.0,64.0,61.0,61.0,59.0,55.0,50.0,46.0,42.0,40.0,35.0,33.0,32.0,29.0,30.0,29.0,28.0,30.0,24.0,24.0,26.0,24.0,27.0,28.0,23.0,22.0,17.0,17.0,15.0,17.0,17.0,16.0,16.0,18.0,17.0,18.0,15.0,ü,-16,yes,,,üü
24,501,,p,0.0,0.0,0.0,0.0,0.0,0.0,0.0,0.0,0.0,0.0,0.0,0.0,0.0,0.0,0.0,0.0,0.0,0.0,0.0,0.0,0.0,0.0,0.0,0.0,0.0,0.0,0.0,,,,,,,,,,,,,,,,,,,,,,,,,,,,
25,601,,p,0.0,0.0,0.0,0.0,0.0,0.0,0.0,0.0,0.0,0.0,0.0,0.0,0.0,0.0,0.0,0.0,0.0,0.0,0.0,0.0,0.0,0.0,0.0,0.0,0.0,0.0,0.0,,,,,,0.0,0.0,0.0,,,,,,,,,,,,,,,,,,,,
26,9017,,p,5.0,7.0,8.0,9.0,10.0,13.0,16.0,16.0,17.0,20.0,25.0,30.0,39.0,44.0,51.0,61.0,71.0,82.0,98.0,104.0,104.0,108.0,108.0,111.0,109.0,110.0,114.0,114.0,118.0,123.0,131.0,139.0,140.0,147.0,160.0,172.0,165.0,165.0,170.0,169.0,166.0,159.0,157.0,163.0,167.0,171.0,167.0,174.0,166.0,üüü,-3,,,,üüü
27,15,,p,0.0,0.0,0.0,0.0,0.0,1.0,1.0,1.0,2.0,3.0,7.0,9.0,16.0,19.0,24.0,30.0,37.0,42.0,54.0,57.0,57.0,59.0,56.0,59.0,57.0,56.0,56.0,54.0,55.0,55.0,60.0,65.0,63.0,68.0,76.0,81.0,78.0,75.0,76.0,73.0,72.0,61.0,61.0,63.0,61.0,64.0,62.0,61.0,57.0,üü,-11,yes,m,,üüü
28,1502,,p,0.0,0.0,0.0,0.0,0.0,0.0,0.0,0.0,1.0,1.0,3.0,4.0,7.0,7.0,8.0,9.0,10.0,11.0,11.0,12.0,11.0,11.0,7.0,8.0,8.0,8.0,7.0,7.0,8.0,8.0,8.0,9.0,9.0,10.0,10.0,11.0,11.0,11.0,10.0,10.0,9.0,8.0,8.0,8.0,8.0,10.0,9.0,9.0,8.0,ü,-19,yes,m,,üü
29,1503,,p,0.0,0.0,0.0,0.0,0.0,0.0,1.0,1.0,1.0,2.0,4.0,6.0,10.0,12.0,16.0,21.0,27.0,32.0,42.0,45.0,46.0,48.0,49.0,51.0,49.0,48.0,48.0,46.0,47.0,48.0,52.0,56.0,54.0,58.0,66.0,69.0,66.0,64.0,66.0,63.0,63.0,53.0,53.0,54.0,53.0,54.0,53.0,52.0,49.0,üü,-9,yes,m,,üüü
30,901,,p,1.0,2.0,2.0,2.0,2.0,2.0,3.0,3.0,3.0,2.0,2.0,2.0,2.0,2.0,2.0,2.0,2.0,2.0,2.0,2.0,2.0,2.0,2.0,2.0,1.0,1.0,1.0,1.0,1.0,1.0,1.0,1.0,1.0,1.0,1.0,1.0,1.0,1.0,1.0,2.0,1.0,1.0,1.0,2.0,1.0,1.0,1.0,1.0,1.0,,-4,,,,ü
31,11,,p,0.0,1.0,1.0,0.0,1.0,1.0,1.0,1.0,1.0,1.0,1.0,1.0,1.0,1.0,2.0,2.0,2.0,2.0,2.0,2.0,3.0,3.0,3.0,3.0,2.0,2.0,3.0,4.0,4.0,4.0,4.0,4.0,5.0,6.0,6.0,8.0,6.0,8.0,8.0,10.0,7.0,11.0,11.0,8.0,10.0,10.0,9.0,5.0,4.0,û,-61,yes,m,, 
32,1102,,p,0.0,0.0,0.0,0.0,0.0,0.0,0.0,0.0,0.0,0.0,0.0,0.0,0.0,0.0,0.0,0.0,0.0,0.0,0.0,0.0,0.0,0.0,0.0,0.0,0.0,0.0,0.0,0.0,0.0,1.0,1.0,1.0,1.0,1.0,1.0,1.0,1.0,1.0,1.0,2.0,1.0,2.0,2.0,1.0,2.0,1.0,1.0,1.0,1.0,û,+8,,,,û
33,1103,,p,0.0,0.0,1.0,0.0,1.0,1.0,1.0,1.0,1.0,1.0,1.0,1.0,1.0,1.0,2.0,2.0,2.0,2.0,2.0,2.0,2.0,3.0,3.0,3.0,2.0,2.0,3.0,4.0,3.0,3.0,4.0,4.0,4.0,5.0,5.0,7.0,5.0,7.0,6.0,8.0,6.0,9.0,8.0,7.0,8.0,9.0,8.0,4.0,3.0,û,-67,yes,m,, 
34,1201,,p,0.0,1.0,1.0,1.0,1.0,1.0,1.0,2.0,2.0,2.0,2.0,2.0,2.0,2.0,2.0,2.0,1.0,1.0,2.0,1.0,1.0,1.0,1.0,1.0,1.0,1.0,1.0,0.0,1.0,0.0,0.0,0.0,0.0,0.0,0.0,0.0,0.0,0.0,0.0,0.0,0.0,0.0,0.0,0.0,0.0,0.0,0.0,1.0,0.0,û,+58,,,,û
35,13,,p,1.0,1.0,2.0,2.0,3.0,3.0,5.0,5.0,5.0,6.0,8.0,10.0,11.0,12.0,14.0,16.0,19.0,23.0,27.0,28.0,27.0,29.0,30.0,31.0,30.0,30.0,33.0,31.0,34.0,36.0,40.0,43.0,44.0,44.0,48.0,51.0,50.0,50.0,52.0,52.0,52.0,52.0,52.0,53.0,52.0,54.0,52.0,54.0,54.0,üü,+1,,,,üüü
36,1301,,p,1.0,1.0,2.0,2.0,3.0,3.0,5.0,5.0,5.0,6.0,8.0,10.0,11.0,12.0,14.0,16.0,19.0,23.0,23.0,23.0,23.0,24.0,25.0,25.0,25.0,26.0,28.0,27.0,28.0,31.0,35.0,37.0,39.0,38.0,42.0,45.0,44.0,44.0,46.0,46.0,47.0,47.0,47.0,49.0,49.0,50.0,49.0,52.0,52.0,üü,+3,,,,üüü
37,1302,,p,,,,,,,,,,,,,,,,,,,4.0,5.0,5.0,5.0,5.0,6.0,5.0,5.0,5.0,4.0,5.0,5.0,5.0,6.0,6.0,6.0,6.0,6.0,6.0,6.0,6.0,5.0,5.0,5.0,5.0,4.0,3.0,3.0,3.0,2.0,2.0,ü,-29,yes,m,,ü
38,16,,p,0.0,0.0,0.0,0.0,0.0,0.0,0.0,0.0,0.0,1.0,1.0,1.0,2.0,2.0,3.0,4.0,4.0,6.0,7.0,9.0,9.0,10.0,10.0,11.0,12.0,14.0,14.0,17.0,19.0,20.0,20.0,20.0,20.0,21.0,21.0,23.0,22.0,22.0,24.0,24.0,25.0,25.0,25.0,28.0,33.0,32.0,32.0,41.0,39.0,üü,+21,yes,k,,üüü
39,1603,,p,0.0,0.0,0.0,0.0,0.0,0.0,0.0,0.0,0.0,0.0,1.0,1.0,1.0,2.0,2.0,3.0,3.0,4.0,5.0,6.0,7.0,7.0,8.0,8.0,10.0,10.0,10.0,12.0,13.0,14.0,14.0,13.0,13.0,14.0,14.0,16.0,16.0,16.0,16.0,15.0,15.0,15.0,15.0,16.0,17.0,15.0,16.0,16.0,16.0,üü,+6,,,,üü
40,1605,,p,,,,,,,,,,,,,,,,,,,0.0,0.0,0.0,0.0,0.0,0.0,0.0,0.0,0.0,0.0,1.0,0.0,0.0,0.0,0.0,0.0,0.0,0.0,0.0,0.0,0.0,0.0,0.0,0.0,0.0,0.0,2.0,1.0,0.0,0.0,0.0,û,-92,,,,û
41,1607,,p,0.0,0.0,0.0,0.0,0.0,0.0,0.0,0.0,0.0,0.0,0.0,0.0,0.0,0.0,1.0,1.0,1.0,1.0,1.0,3.0,2.0,2.0,2.0,2.0,2.0,3.0,3.0,5.0,5.0,6.0,4.0,4.0,4.0,4.0,4.0,5.0,4.0,4.0,5.0,5.0,5.0,5.0,5.0,5.0,6.0,8.0,7.0,9.0,8.0,ü,+11,,,,üü
42,1608,,p,,,,,,,,,,,,,,,,,,,,,,,,,,,,,,,2.0,3.0,3.0,3.0,3.0,3.0,2.0,2.0,3.0,4.0,4.0,4.0,5.0,7.0,8.0,9.0,9.0,15.0,15.0,ü,+58,yes,k,,üü
43,17,,p,2.0,2.0,2.0,3.0,3.0,4.0,5.0,4.0,5.0,5.0,5.0,5.0,5.0,5.0,5.0,6.0,5.0,6.0,5.0,6.0,5.0,5.0,6.0,6.0,6.0,6.0,6.0,5.0,5.0,5.0,5.0,6.0,6.0,6.0,6.0,7.0,8.0,8.0,8.0,8.0,8.0,8.0,8.0,9.0,10.0,10.0,10.0,11.0,11.0,üü,+13,,k,,üü
44,22023,Cheese,p,9.0,10.0,12.0,15.0,17.0,20.0,24.0,26.0,27.0,30.0,29.0,31.0,34.0,34.0,38.0,40.0,41.0,43.0,46.0,48.0,47.0,49.0,53.0,55.0,51.0,52.0,54.0,57.0,58.0,59.0,60.0,63.0,64.0,68.0,70.0,75.0,79.0,80.0,81.0,85.0,81.0,79.0,80.0,85.0,87.0,90.0,92.0,107.0,97.0,üüü,+7,yes,k,,üüü
45,22,,p,8.0,9.0,11.0,14.0,15.0,19.0,22.0,24.0,25.0,27.0,27.0,29.0,31.0,31.0,35.0,36.0,38.0,39.0,41.0,43.0,42.0,44.0,47.0,49.0,46.0,47.0,48.0,50.0,51.0,51.0,53.0,57.0,57.0,61.0,63.0,69.0,72.0,74.0,74.0,78.0,73.0,72.0,72.0,78.0,80.0,83.0,85.0,99.0,88.0,üüü,+6,,k,,üüü
46,2201,,p,5.0,6.0,8.0,10.0,11.0,13.0,15.0,17.0,18.0,18.0,18.0,19.0,20.0,20.0,23.0,24.0,25.0,25.0,26.0,27.0,27.0,28.0,29.0,31.0,30.0,29.0,31.0,30.0,30.0,31.0,30.0,34.0,35.0,37.0,40.0,43.0,44.0,45.0,45.0,48.0,44.0,42.0,42.0,43.0,45.0,45.0,45.0,52.0,47.0,üü,+4,,k,,üüü
47,2202,,p,2.0,2.0,2.0,2.0,3.0,3.0,4.0,4.0,4.0,5.0,4.0,5.0,5.0,5.0,5.0,5.0,5.0,5.0,6.0,6.0,6.0,6.0,7.0,7.0,6.0,5.0,6.0,7.0,7.0,6.0,7.0,7.0,6.0,7.0,7.0,7.0,7.0,7.0,6.0,6.0,6.0,5.0,6.0,7.0,6.0,6.0,6.0,7.0,7.0,ü,+12,,,,üü
48,2203,,p,0.0,1.0,1.0,1.0,1.0,1.0,1.0,1.0,1.0,2.0,2.0,2.0,2.0,2.0,3.0,3.0,3.0,3.0,4.0,4.0,4.0,4.0,5.0,4.0,4.0,5.0,4.0,5.0,6.0,5.0,6.0,6.0,5.0,6.0,6.0,7.0,7.0,7.0,8.0,9.0,8.0,8.0,9.0,10.0,10.0,11.0,12.0,13.0,13.0,ü,+17,,k,,üü
49,2205,,p,0.0,0.0,0.0,0.0,0.0,1.0,1.0,1.0,1.0,1.0,1.0,1.0,2.0,2.0,2.0,2.0,2.0,2.0,2.0,2.0,2.0,2.0,2.0,2.0,2.0,2.0,2.0,2.0,2.0,2.0,1.0,1.0,1.0,1.0,1.0,1.0,1.0,1.0,2.0,2.0,2.0,2.0,2.0,2.0,2.0,2.0,1.0,2.0,1.0,,-30,,,,ü
50,2206,,p,0.0,0.0,0.0,1.0,1.0,1.0,1.0,1.0,1.0,2.0,2.0,2.0,2.0,2.0,3.0,3.0,3.0,3.0,3.0,3.0,3.0,3.0,4.0,5.0,4.0,5.0,5.0,6.0,6.0,8.0,8.0,9.0,9.0,10.0,10.0,10.0,13.0,13.0,14.0,14.0,14.0,14.0,14.0,17.0,18.0,19.0,20.0,25.0,20.0,üü,+8,,k,,üü
51,2301,,p,1.0,1.0,1.0,1.0,1.0,1.0,2.0,2.0,2.0,2.0,2.0,3.0,3.0,3.0,3.0,4.0,4.0,4.0,5.0,4.0,5.0,5.0,6.0,6.0,5.0,5.0,6.0,7.0,7.0,8.0,7.0,7.0,7.0,7.0,7.0,6.0,6.0,7.0,7.0,7.0,7.0,7.0,7.0,7.0,7.0,7.0,7.0,8.0,9.0,ü,+20,yes,k,,üü
52,31041,Carcase meat,p,44.0,52.0,59.0,70.0,80.0,92.0,105.0,102.0,109.0,108.0,104.0,110.0,113.0,110.0,114.0,122.0,116.0,118.0,108.0,111.0,105.0,101.0,104.0,105.0,100.0,98.0,106.0,103.0,106.0,111.0,114.0,114.0,120.0,121.0,122.0,127.0,130.0,129.0,136.0,136.0,141.0,135.0,136.0,127.0,133.0,127.0,129.0,160.0,120.0,üü,-6,,,,üü
53,31,,p,24.0,30.0,32.0,39.0,45.0,50.0,55.0,53.0,58.0,57.0,55.0,59.0,61.0,63.0,64.0,67.0,58.0,61.0,56.0,57.0,56.0,53.0,45.0,50.0,48.0,49.0,54.0,56.0,57.0,60.0,64.0,63.0,68.0,67.0,68.0,71.0,73.0,72.0,77.0,81.0,84.0,82.0,82.0,82.0,83.0,82.0,80.0,101.0,76.0,üü,-7,,,,üü
54,3102,,p,1.0,3.0,2.0,4.0,3.0,4.0,4.0,1.0,2.0,2.0,2.0,2.0,2.0,3.0,3.0,2.0,2.0,2.0,2.0,1.0,1.0,2.0,3.0,2.0,0.0,0.0,0.0,1.0,1.0,1.0,1.0,1.0,1.0,1.0,1.0,0.0,1.0,0.0,0.0,1.0,1.0,1.0,1.0,1.0,1.0,1.0,1.0,0.0,1.0,û,+32,,,,û
55,3103,,p,9.0,11.0,12.0,14.0,16.0,16.0,19.0,18.0,21.0,20.0,18.0,20.0,20.0,20.0,20.0,20.0,18.0,16.0,15.0,14.0,16.0,15.0,8.0,9.0,11.0,11.0,13.0,14.0,15.0,15.0,15.0,14.0,17.0,14.0,14.0,14.0,13.0,14.0,15.0,14.0,15.0,15.0,15.0,14.0,14.0,13.0,11.0,18.0,13.0,ü,+1,,,,ü
56,3104,,p,6.0,7.0,8.0,9.0,11.0,12.0,12.0,13.0,13.0,14.0,13.0,12.0,13.0,13.0,13.0,13.0,12.0,12.0,12.0,11.0,10.0,10.0,9.0,9.0,9.0,7.0,8.0,7.0,8.0,7.0,8.0,10.0,10.0,10.0,10.0,11.0,11.0,11.0,12.0,11.0,13.0,13.0,13.0,13.0,14.0,13.0,13.0,17.0,15.0,ü,+15,,k,,üü
57,3105,,p,5.0,6.0,6.0,6.0,9.0,10.0,11.0,11.0,11.0,10.0,11.0,12.0,13.0,14.0,14.0,17.0,12.0,14.0,12.0,13.0,13.0,14.0,13.0,17.0,16.0,16.0,17.0,19.0,18.0,21.0,23.0,21.0,21.0,22.0,21.0,21.0,23.0,20.0,21.0,25.0,26.0,23.0,22.0,25.0,25.0,28.0,25.0,36.0,22.0,ü,-21,yes,,,ü
58,3106,,p,4.0,4.0,5.0,6.0,6.0,8.0,9.0,9.0,11.0,11.0,11.0,12.0,12.0,13.0,14.0,15.0,14.0,16.0,15.0,16.0,14.0,14.0,11.0,12.0,12.0,13.0,15.0,14.0,15.0,15.0,16.0,17.0,18.0,21.0,22.0,24.0,25.0,27.0,29.0,29.0,29.0,30.0,30.0,28.0,30.0,27.0,29.0,29.0,25.0,ü,-8,,,,üü
59,3107,,p,0.0,0.0,0.0,0.0,0.0,0.0,0.0,0.0,0.0,0.0,0.0,1.0,0.0,0.0,0.0,0.0,1.0,1.0,0.0,0.0,0.0,0.0,1.0,1.0,1.0,1.0,1.0,1.0,1.0,0.0,1.0,1.0,0.0,0.0,0.0,0.0,0.0,0.0,1.0,1.0,0.0,0.0,0.0,1.0,0.0,0.0,1.0,0.0,0.0,û,-41,,,,û
60,36,,p,11.0,13.0,15.0,17.0,19.0,23.0,26.0,26.0,25.0,26.0,24.0,25.0,24.0,23.0,25.0,27.0,29.0,29.0,27.0,27.0,23.0,22.0,29.0,26.0,24.0,25.0,25.0,24.0,25.0,27.0,25.0,28.0,28.0,29.0,27.0,28.0,30.0,28.0,29.0,28.0,28.0,27.0,30.0,21.0,26.0,22.0,28.0,32.0,23.0,ü,+1,,,,ü
61,3601,,p,0.0,0.0,0.0,0.0,0.0,0.0,0.0,0.0,0.0,0.0,0.0,0.0,0.0,0.0,0.0,0.0,0.0,0.0,0.0,0.0,0.0,0.0,1.0,0.0,0.0,0.0,0.0,0.0,0.0,0.0,1.0,1.0,0.0,0.0,0.0,0.0,0.0,0.0,1.0,0.0,1.0,0.0,1.0,0.0,0.0,1.0,1.0,0.0,1.0,û,-21,,,,û
62,3602,,p,6.0,7.0,9.0,10.0,12.0,13.0,15.0,15.0,14.0,15.0,14.0,14.0,14.0,13.0,13.0,15.0,16.0,15.0,13.0,13.0,10.0,11.0,13.0,12.0,11.0,12.0,11.0,12.0,13.0,13.0,12.0,13.0,13.0,15.0,12.0,13.0,14.0,13.0,14.0,13.0,15.0,14.0,16.0,8.0,14.0,11.0,13.0,13.0,10.0,,-5,,,,ü
63,3603,,p,4.0,5.0,5.0,6.0,6.0,8.0,9.0,9.0,9.0,9.0,9.0,9.0,9.0,9.0,10.0,11.0,11.0,12.0,12.0,11.0,10.0,9.0,10.0,9.0,9.0,9.0,10.0,9.0,9.0,11.0,10.0,12.0,12.0,11.0,12.0,10.0,11.0,11.0,9.0,10.0,9.0,9.0,9.0,9.0,8.0,7.0,8.0,13.0,9.0,,+19,,k,,ü
64,3604,,p,1.0,1.0,1.0,1.0,1.0,1.0,1.0,2.0,1.0,1.0,1.0,1.0,1.0,1.0,1.0,1.0,2.0,2.0,2.0,3.0,2.0,2.0,5.0,4.0,4.0,4.0,3.0,3.0,3.0,3.0,3.0,3.0,3.0,3.0,4.0,4.0,4.0,4.0,5.0,4.0,4.0,4.0,4.0,4.0,4.0,4.0,6.0,6.0,3.0,û,-12,,,,û
65,41,,p,9.0,10.0,11.0,14.0,17.0,19.0,24.0,23.0,26.0,24.0,25.0,26.0,28.0,25.0,26.0,28.0,29.0,28.0,25.0,27.0,26.0,25.0,31.0,29.0,27.0,24.0,26.0,24.0,24.0,24.0,24.0,23.0,24.0,25.0,27.0,28.0,28.0,29.0,30.0,28.0,30.0,26.0,25.0,24.0,24.0,23.0,20.0,27.0,21.0,ü,-9,,,,üü
66,4101,,p,4.0,4.0,5.0,6.0,7.0,7.0,10.0,9.0,11.0,10.0,9.0,9.0,11.0,9.0,9.0,10.0,9.0,8.0,6.0,9.0,8.0,8.0,7.0,8.0,7.0,7.0,8.0,7.0,7.0,7.0,7.0,6.0,7.0,9.0,9.0,9.0,9.0,9.0,9.0,8.0,11.0,8.0,8.0,8.0,7.0,7.0,6.0,9.0,7.0,,+10,,,,ü
67,4102,,p,4.0,4.0,5.0,5.0,7.0,8.0,9.0,10.0,11.0,11.0,11.0,12.0,12.0,11.0,12.0,12.0,13.0,13.0,12.0,11.0,10.0,10.0,12.0,11.0,9.0,9.0,9.0,8.0,8.0,7.0,7.0,7.0,6.0,6.0,7.0,7.0,6.0,5.0,6.0,5.0,4.0,4.0,4.0,3.0,4.0,3.0,3.0,3.0,2.0,,-34,yes,m,,ü
68,4103,,p,1.0,1.0,1.0,1.0,1.0,1.0,2.0,2.0,2.0,2.0,2.0,2.0,3.0,3.0,3.0,3.0,4.0,4.0,4.0,4.0,5.0,4.0,5.0,5.0,5.0,6.0,6.0,7.0,8.0,7.0,6.0,6.0,7.0,7.0,8.0,7.0,8.0,9.0,9.0,8.0,9.0,8.0,8.0,7.0,8.0,8.0,7.0,8.0,7.0,ü,-14,,,,üü
69,4104,,p,1.0,1.0,1.0,1.0,1.0,2.0,2.0,2.0,2.0,2.0,2.0,2.0,2.0,2.0,2.0,2.0,3.0,3.0,3.0,3.0,2.0,3.0,6.0,5.0,5.0,2.0,2.0,1.0,1.0,4.0,4.0,4.0,3.0,3.0,4.0,5.0,5.0,5.0,6.0,7.0,6.0,6.0,6.0,6.0,5.0,5.0,5.0,6.0,5.0,,-13,,,,ü
70,46095,Non-carcase meat and meat products,p,56.0,65.0,76.0,91.0,101.0,117.0,130.0,142.0,152.0,160.0,167.0,172.0,182.0,194.0,203.0,224.0,244.0,244.0,260.0,284.0,285.0,301.0,321.0,329.0,332.0,327.0,338.0,355.0,364.0,382.0,380.0,381.0,385.0,393.0,406.0,423.0,441.0,449.0,471.0,484.0,482.0,456.0,458.0,485.0,492.0,503.0,510.0,532.0,476.0,üüü,-5,yes,,,üüü
71,46,,p,4.0,4.0,5.0,5.0,5.0,6.0,6.0,6.0,6.0,4.0,5.0,5.0,5.0,5.0,4.0,4.0,4.0,4.0,3.0,3.0,3.0,3.0,2.0,2.0,2.0,2.0,2.0,1.0,1.0,1.0,1.0,1.0,1.0,1.0,1.0,1.0,1.0,1.0,1.0,1.0,1.0,1.0,1.0,1.0,1.0,1.0,1.0,1.0,1.0,,+101,yes,k,, 
72,4603,,p,0.0,1.0,1.0,1.0,1.0,1.0,1.0,1.0,1.0,1.0,1.0,1.0,1.0,1.0,0.0,0.0,0.0,0.0,0.0,0.0,0.0,0.0,0.0,0.0,0.0,0.0,0.0,0.0,0.0,0.0,0.0,0.0,0.0,0.0,0.0,0.0,0.0,0.0,0.0,0.0,0.0,0.0,0.0,0.0,0.0,0.0,0.0,0.0,0.0,û,+62,,,,û
73,4604,,p,2.0,3.0,3.0,3.0,3.0,4.0,3.0,3.0,3.0,3.0,3.0,3.0,3.0,3.0,3.0,3.0,3.0,2.0,2.0,2.0,1.0,2.0,1.0,1.0,1.0,1.0,1.0,1.0,1.0,1.0,1.0,0.0,0.0,0.0,1.0,1.0,1.0,0.0,0.0,1.0,0.0,0.0,0.0,0.0,0.0,0.0,0.0,0.0,0.0,û,+28,,,, 
74,4605,,p,1.0,1.0,1.0,1.0,1.0,1.0,2.0,2.0,2.0,1.0,1.0,1.0,1.0,1.0,1.0,1.0,1.0,1.0,1.0,1.0,1.0,1.0,1.0,1.0,0.0,0.0,0.0,0.0,0.0,0.0,0.0,0.0,0.0,0.0,0.0,0.0,0.0,0.0,0.0,0.0,0.0,0.0,0.0,0.0,0.0,0.0,0.0,0.0,0.0,û,+289,,,,û
75,4607,,p,0.0,0.0,0.0,0.0,0.0,0.0,0.0,0.0,0.0,0.0,0.0,0.0,0.0,0.0,0.0,0.0,0.0,0.0,0.0,0.0,0.0,0.0,0.0,0.0,0.0,0.0,0.0,0.0,0.0,0.0,0.0,0.0,0.0,0.0,0.0,0.0,0.0,0.0,0.0,0.0,0.0,0.0,0.0,1.0,0.0,0.0,0.0,0.0,1.0,û,+98,,,,û
76,51,,p,1.0,1.0,1.0,1.0,1.0,1.0,2.0,2.0,1.0,2.0,2.0,1.0,1.0,1.0,1.0,1.0,1.0,1.0,1.0,1.0,1.0,1.0,1.0,1.0,0.0,1.0,1.0,1.0,1.0,1.0,1.0,1.0,0.0,0.0,1.0,1.0,1.0,1.0,1.0,1.0,1.0,1.0,1.0,1.0,1.0,1.0,1.0,1.0,0.0,û,-42,,,,û
77,55,,p,13.0,15.0,18.0,20.0,22.0,24.0,26.0,27.0,28.0,29.0,28.0,29.0,29.0,29.0,30.0,32.0,33.0,32.0,31.0,31.0,30.0,32.0,37.0,36.0,35.0,32.0,35.0,37.0,36.0,37.0,37.0,35.0,36.0,36.0,40.0,42.0,43.0,43.0,44.0,43.0,42.0,38.0,37.0,38.0,35.0,36.0,34.0,40.0,31.0,üü,-15,yes,,,üüü
78,5502,,p,3.0,4.0,4.0,5.0,5.0,6.0,6.0,7.0,7.0,8.0,7.0,7.0,8.0,9.0,9.0,9.0,9.0,8.0,7.0,8.0,7.0,8.0,9.0,11.0,13.0,10.0,11.0,9.0,9.0,9.0,9.0,9.0,9.0,9.0,10.0,12.0,12.0,12.0,13.0,13.0,11.0,10.0,9.0,11.0,9.0,9.0,9.0,10.0,8.0,ü,-17,,,,ü
79,5505,,p,10.0,12.0,14.0,15.0,17.0,18.0,19.0,20.0,21.0,21.0,21.0,22.0,21.0,21.0,21.0,23.0,24.0,24.0,24.0,23.0,22.0,24.0,28.0,25.0,22.0,22.0,24.0,28.0,27.0,28.0,28.0,26.0,27.0,27.0,30.0,31.0,32.0,30.0,31.0,31.0,30.0,28.0,28.0,27.0,26.0,27.0,25.0,30.0,23.0,üü,-14,yes,,,üüü
80,58,,p,4.0,5.0,6.0,6.0,7.0,8.0,9.0,10.0,11.0,11.0,11.0,12.0,12.0,13.0,13.0,16.0,17.0,17.0,18.0,19.0,21.0,22.0,19.0,25.0,24.0,24.0,25.0,31.0,31.0,35.0,33.0,34.0,36.0,37.0,38.0,39.0,39.0,40.0,40.0,40.0,39.0,37.0,38.0,38.0,39.0,36.0,36.0,39.0,37.0,üü,+2,,,,üüü
81,59,,p,1.0,1.0,1.0,1.0,1.0,2.0,2.0,2.0,3.0,3.0,3.0,3.0,4.0,5.0,7.0,5.0,7.0,7.0,8.0,9.0,10.0,13.0,15.0,20.0,21.0,21.0,20.0,23.0,24.0,25.0,26.0,26.0,27.0,26.0,25.0,27.0,28.0,28.0,30.0,32.0,30.0,31.0,31.0,32.0,34.0,32.0,37.0,34.0,29.0,ü,-12,,m,,üü
82,5903,,p,1.0,1.0,1.0,1.0,1.0,2.0,2.0,2.0,2.0,2.0,2.0,3.0,4.0,5.0,6.0,5.0,6.0,6.0,7.0,8.0,9.0,10.0,9.0,14.0,14.0,14.0,15.0,18.0,18.0,19.0,20.0,20.0,21.0,20.0,19.0,20.0,19.0,21.0,21.0,23.0,21.0,21.0,21.0,21.0,20.0,19.0,22.0,20.0,20.0,ü,+1,,,,üü
83,5904,,p,0.0,0.0,0.0,0.0,0.0,0.0,0.0,0.0,0.0,0.0,0.0,0.0,0.0,1.0,1.0,1.0,1.0,1.0,1.0,1.0,1.0,3.0,5.0,6.0,7.0,7.0,5.0,5.0,5.0,5.0,6.0,6.0,6.0,6.0,6.0,6.0,8.0,8.0,9.0,9.0,9.0,10.0,11.0,11.0,14.0,13.0,15.0,14.0,9.0,,-31,yes,m,,ü
84,62,,p,2.0,3.0,3.0,4.0,5.0,5.0,5.0,6.0,6.0,7.0,6.0,7.0,7.0,7.0,6.0,7.0,7.0,6.0,6.0,6.0,6.0,5.0,4.0,4.0,4.0,3.0,3.0,3.0,3.0,4.0,4.0,4.0,5.0,4.0,5.0,6.0,6.0,5.0,5.0,5.0,5.0,6.0,6.0,6.0,5.0,5.0,5.0,5.0,5.0,ü,-2,,,,üü
85,66,,p,2.0,3.0,2.0,2.0,3.0,3.0,4.0,4.0,5.0,5.0,5.0,6.0,6.0,6.0,6.0,6.0,5.0,6.0,6.0,5.0,5.0,5.0,11.0,5.0,4.0,4.0,5.0,6.0,7.0,8.0,8.0,8.0,9.0,9.0,9.0,10.0,10.0,11.0,13.0,13.0,14.0,12.0,12.0,11.0,11.0,12.0,11.0,12.0,12.0,ü,+2,,,,üü
86,71,,p,4.0,4.0,4.0,4.0,4.0,5.0,5.0,5.0,5.0,6.0,5.0,6.0,6.0,6.0,6.0,6.0,6.0,6.0,7.0,7.0,6.0,7.0,6.0,5.0,6.0,5.0,6.0,6.0,7.0,7.0,7.0,6.0,6.0,5.0,6.0,7.0,7.0,7.0,6.0,6.0,6.0,5.0,5.0,4.0,5.0,6.0,6.0,5.0,5.0,,-12,,,,ü
87,74,,p,7.0,9.0,11.0,13.0,15.0,18.0,19.0,21.0,22.0,23.0,26.0,25.0,29.0,31.0,32.0,34.0,39.0,39.0,39.0,41.0,40.0,41.0,50.0,51.0,48.0,48.0,53.0,51.0,51.0,58.0,57.0,62.0,62.0,64.0,70.0,73.0,75.0,81.0,86.0,89.0,89.0,82.0,81.0,84.0,83.0,89.0,91.0,95.0,86.0,üü,-4,,,,üüü
88,77,,p,1.0,1.0,1.0,2.0,2.0,3.0,4.0,4.0,3.0,5.0,5.0,5.0,5.0,6.0,6.0,6.0,6.0,5.0,6.0,7.0,7.0,7.0,12.0,10.0,10.0,9.0,8.0,12.0,12.0,11.0,13.0,11.0,10.0,11.0,11.0,11.0,10.0,10.0,13.0,13.0,12.0,9.0,9.0,13.0,11.0,10.0,10.0,11.0,8.0,,-17,,,,ü
89,7703,,p,1.0,1.0,1.0,2.0,1.0,2.0,3.0,4.0,3.0,4.0,5.0,4.0,4.0,5.0,5.0,5.0,5.0,4.0,5.0,7.0,7.0,7.0,10.0,9.0,9.0,8.0,7.0,11.0,10.0,10.0,11.0,9.0,9.0,10.0,9.0,9.0,8.0,7.0,11.0,11.0,10.0,7.0,7.0,10.0,8.0,8.0,8.0,8.0,6.0,,-27,,,,ü
90,7704,,p,0.0,0.0,0.0,0.0,0.0,0.0,0.0,0.0,0.0,0.0,1.0,0.0,0.0,0.0,0.0,0.0,1.0,1.0,1.0,1.0,1.0,1.0,2.0,2.0,1.0,1.0,1.0,1.0,2.0,1.0,2.0,2.0,1.0,2.0,2.0,2.0,2.0,2.0,2.0,2.0,2.0,2.0,2.0,3.0,2.0,1.0,2.0,3.0,2.0,,+41,,,, 
91,78,,p,0.0,0.0,0.0,0.0,0.0,0.0,0.0,0.0,0.0,0.0,0.0,0.0,0.0,0.0,0.0,0.0,0.0,0.0,0.0,0.0,0.0,0.0,0.0,0.0,0.0,0.0,0.0,1.0,0.0,0.0,1.0,1.0,1.0,1.0,1.0,0.0,1.0,1.0,1.0,2.0,1.0,1.0,0.0,2.0,1.0,0.0,0.0,1.0,2.0,û,+506,yes,k,,û
92,79,,p,4.0,4.0,5.0,6.0,6.0,7.0,8.0,8.0,8.0,8.0,7.0,8.0,7.0,7.0,7.0,8.0,8.0,10.0,10.0,11.0,10.0,11.0,14.0,15.0,14.0,13.0,15.0,15.0,16.0,18.0,18.0,18.0,19.0,20.0,21.0,23.0,24.0,23.0,25.0,26.0,26.0,24.0,24.0,23.0,27.0,25.0,25.0,31.0,25.0,üü,+1,,,,üüü
93,80,,p,3.0,3.0,4.0,4.0,6.0,6.0,6.0,7.0,7.0,8.0,8.0,8.0,8.0,7.0,7.0,8.0,8.0,5.0,6.0,5.0,5.0,5.0,4.0,4.0,3.0,4.0,4.0,3.0,2.0,2.0,2.0,2.0,2.0,2.0,1.0,1.0,2.0,2.0,2.0,2.0,2.0,2.0,2.0,2.0,3.0,2.0,2.0,3.0,2.0,,+18,,,,ü
94,83,,p,1.0,2.0,2.0,3.0,3.0,3.0,4.0,4.0,5.0,5.0,5.0,5.0,5.0,5.0,5.0,6.0,6.0,5.0,6.0,6.0,7.0,7.0,8.0,8.0,8.0,7.0,8.0,16.0,18.0,12.0,12.0,9.0,10.0,9.0,9.0,9.0,10.0,10.0,10.0,10.0,10.0,11.0,10.0,11.0,12.0,12.0,11.0,12.0,12.0,ü,+2,,,,üü
95,8302,,p,1.0,2.0,2.0,2.0,2.0,3.0,3.0,3.0,3.0,4.0,4.0,4.0,4.0,4.0,4.0,4.0,4.0,4.0,4.0,5.0,5.0,5.0,6.0,6.0,6.0,5.0,5.0,13.0,15.0,9.0,8.0,5.0,6.0,5.0,5.0,5.0,6.0,5.0,5.0,6.0,6.0,6.0,6.0,7.0,6.0,6.0,5.0,7.0,7.0,ü,+8,,,,üü
96,8303,,p,0.0,0.0,1.0,1.0,1.0,1.0,1.0,1.0,1.0,1.0,1.0,1.0,1.0,1.0,1.0,2.0,2.0,1.0,2.0,2.0,2.0,2.0,3.0,3.0,3.0,2.0,3.0,3.0,3.0,4.0,4.0,4.0,4.0,4.0,4.0,4.0,4.0,5.0,5.0,4.0,5.0,5.0,5.0,4.0,6.0,5.0,5.0,5.0,5.0,ü,-5,,,,üü
97,84,,p,2.0,3.0,3.0,2.0,3.0,3.0,4.0,4.0,4.0,5.0,5.0,6.0,7.0,7.0,8.0,8.0,9.0,9.0,9.0,9.0,10.0,9.0,9.0,9.0,10.0,10.0,10.0,11.0,10.0,16.0,15.0,19.0,18.0,19.0,19.0,20.0,21.0,21.0,22.0,21.0,21.0,20.0,20.0,22.0,23.0,21.0,23.0,23.0,23.0,ü,+9,,,,üü
98,85,,p,1.0,1.0,2.0,3.0,4.0,4.0,5.0,5.0,7.0,6.0,7.0,7.0,7.0,7.0,7.0,8.0,9.0,10.0,10.0,11.0,11.0,11.0,9.0,9.0,9.0,9.0,9.0,8.0,7.0,8.0,8.0,7.0,8.0,8.0,8.0,9.0,10.0,10.0,9.0,10.0,11.0,11.0,11.0,10.0,11.0,13.0,12.0,13.0,13.0,ü,-3,,,,üü
99,89,,p,2.0,3.0,4.0,6.0,7.0,8.0,10.0,11.0,13.0,14.0,15.0,17.0,19.0,22.0,24.0,29.0,32.0,35.0,39.0,45.0,48.0,45.0,47.0,53.0,56.0,57.0,65.0,65.0,71.0,70.0,69.0,67.0,65.0,67.0,68.0,73.0,78.0,80.0,86.0,92.0,91.0,91.0,93.0,95.0,105.0,117.0,111.0,121.0,114.0,üü,-3,,,,üüü
100,8901,,p,0.0,1.0,1.0,1.0,2.0,2.0,3.0,3.0,3.0,4.0,5.0,5.0,6.0,7.0,7.0,9.0,11.0,11.0,13.0,16.0,16.0,14.0,19.0,23.0,25.0,24.0,30.0,38.0,42.0,44.0,42.0,39.0,38.0,38.0,36.0,39.0,41.0,42.0,45.0,46.0,44.0,43.0,45.0,42.0,53.0,58.0,54.0,54.0,57.0,ü,-2,,,,üü
101,8902,,p,2.0,2.0,3.0,4.0,5.0,6.0,7.0,8.0,9.0,10.0,11.0,12.0,14.0,15.0,17.0,19.0,21.0,24.0,26.0,29.0,31.0,32.0,28.0,30.0,30.0,33.0,35.0,27.0,29.0,26.0,27.0,27.0,27.0,29.0,32.0,34.0,37.0,38.0,40.0,47.0,47.0,48.0,48.0,54.0,52.0,59.0,56.0,67.0,57.0,üü,-3,,,,üüü
102,93,,p,1.0,1.0,1.0,1.0,2.0,3.0,4.0,4.0,4.0,5.0,5.0,5.0,6.0,6.0,7.0,7.0,7.0,7.0,8.0,8.0,8.0,9.0,9.0,9.0,8.0,8.0,10.0,7.0,7.0,8.0,8.0,7.0,7.0,8.0,10.0,9.0,11.0,12.0,12.0,13.0,13.0,13.0,12.0,12.0,12.0,14.0,14.0,15.0,16.0,ü,+12,,,,üü
103,9301,,p,,,,,,,,,,,,,,,,,,,3.0,3.0,3.0,3.0,3.0,3.0,3.0,3.0,3.0,2.0,2.0,2.0,2.0,2.0,2.0,2.0,2.0,2.0,2.0,2.0,2.0,3.0,2.0,2.0,2.0,2.0,2.0,2.0,2.0,3.0,2.0,,+34,,k,,ü
104,9302,,p,1.0,1.0,1.0,1.0,2.0,3.0,4.0,4.0,4.0,5.0,5.0,5.0,6.0,6.0,7.0,7.0,7.0,7.0,5.0,5.0,6.0,6.0,6.0,6.0,5.0,6.0,6.0,5.0,5.0,6.0,6.0,5.0,5.0,6.0,8.0,7.0,9.0,9.0,9.0,10.0,10.0,11.0,10.0,10.0,10.0,12.0,12.0,12.0,13.0,ü,+9,,,,üü
105,94,,p,1.0,1.0,1.0,2.0,1.0,1.0,2.0,2.0,2.0,2.0,2.0,2.0,2.0,2.0,2.0,2.0,2.0,2.0,2.0,2.0,2.0,2.0,1.0,2.0,1.0,2.0,1.0,1.0,1.0,1.0,1.0,1.0,1.0,1.0,1.0,1.0,1.0,1.0,1.0,0.0,0.0,0.0,1.0,0.0,1.0,0.0,0.0,0.0,1.0,û,+65,,,, 
106,95,,p,1.0,1.0,2.0,4.0,5.0,7.0,8.0,10.0,11.0,13.0,17.0,16.0,18.0,22.0,24.0,32.0,37.0,36.0,44.0,57.0,55.0,65.0,61.0,60.0,67.0,68.0,58.0,56.0,57.0,61.0,61.0,61.0,62.0,65.0,61.0,61.0,64.0,63.0,63.0,64.0,68.0,64.0,64.0,79.0,73.0,73.0,81.0,69.0,56.0,ü,-23,yes,m,,üü
107,9501,,p,0.0,0.0,0.0,0.0,1.0,1.0,1.0,1.0,1.0,1.0,1.0,1.0,1.0,1.0,2.0,2.0,2.0,2.0,2.0,3.0,3.0,4.0,3.0,3.0,3.0,4.0,2.0,2.0,2.0,2.0,2.0,2.0,2.0,2.0,2.0,2.0,2.0,2.0,2.0,2.0,1.0,1.0,1.0,2.0,2.0,2.0,1.0,1.0,1.0,û,-43,,m,, 
108,9502,,p,0.0,0.0,0.0,0.0,1.0,1.0,1.0,1.0,1.0,1.0,2.0,2.0,2.0,2.0,2.0,3.0,4.0,4.0,5.0,6.0,6.0,6.0,6.0,6.0,7.0,7.0,6.0,6.0,5.0,6.0,6.0,6.0,5.0,6.0,5.0,6.0,6.0,6.0,7.0,6.0,7.0,8.0,8.0,10.0,9.0,10.0,13.0,14.0,11.0,,+6,,,,ü
109,9503,,p,0.0,0.0,0.0,0.0,0.0,1.0,1.0,1.0,1.0,1.0,2.0,2.0,2.0,2.0,2.0,3.0,4.0,4.0,4.0,6.0,6.0,7.0,6.0,6.0,7.0,7.0,6.0,6.0,6.0,7.0,7.0,7.0,6.0,7.0,8.0,7.0,7.0,8.0,8.0,9.0,11.0,10.0,10.0,9.0,13.0,10.0,10.0,9.0,7.0,,-33,yes,m,,ü
110,9504,,p,0.0,0.0,0.0,0.0,0.0,0.0,0.0,0.0,0.0,0.0,0.0,0.0,0.0,1.0,1.0,1.0,1.0,1.0,1.0,1.0,1.0,1.0,1.0,1.0,1.0,1.0,1.0,2.0,2.0,2.0,2.0,2.0,2.0,2.0,2.0,2.0,2.0,3.0,2.0,2.0,2.0,2.0,2.0,2.0,2.0,2.0,3.0,1.0,2.0,,+1,,,,ü
111,9505,,p,1.0,1.0,1.0,3.0,3.0,4.0,5.0,7.0,8.0,9.0,12.0,11.0,13.0,15.0,17.0,23.0,27.0,26.0,31.0,41.0,40.0,46.0,44.0,43.0,48.0,48.0,42.0,41.0,41.0,45.0,44.0,44.0,47.0,49.0,43.0,44.0,47.0,44.0,43.0,45.0,46.0,43.0,43.0,56.0,48.0,48.0,53.0,43.0,35.0,ü,-27,yes,m,,üü
112,9506,,p,,,,,,,,,,,,,,,,,,,,,,1.0,1.0,1.0,1.0,1.0,1.0,0.0,0.0,0.0,0.0,0.0,0.0,0.0,0.0,0.0,0.0,0.0,0.0,0.0,0.0,0.0,0.0,0.0,0.0,0.0,0.0,1.0,0.0,û,-49,,,,û
113,100123,Fish,p,14.0,16.0,18.0,21.0,24.0,28.0,32.0,35.0,36.0,41.0,41.0,45.0,51.0,54.0,59.0,64.0,68.0,68.0,70.0,74.0,73.0,75.0,78.0,77.0,79.0,83.0,81.0,93.0,93.0,94.0,99.0,104.0,111.0,116.0,115.0,117.0,117.0,120.0,124.0,129.0,129.0,135.0,132.0,129.0,137.0,150.0,146.0,169.0,144.0,üü,-4,,,,üüü
114,102,,p,5.0,6.0,7.0,7.0,9.0,9.0,11.0,11.0,11.0,12.0,12.0,13.0,15.0,16.0,17.0,18.0,19.0,21.0,18.0,18.0,19.0,18.0,20.0,18.0,19.0,19.0,19.0,21.0,20.0,17.0,16.0,16.0,17.0,17.0,18.0,16.0,16.0,14.0,18.0,16.0,17.0,16.0,15.0,13.0,16.0,16.0,16.0,21.0,19.0,,+23,,,,ü
115,10201,,p,4.0,4.0,4.0,5.0,6.0,7.0,7.0,7.0,7.0,8.0,8.0,8.0,10.0,10.0,11.0,11.0,11.0,12.0,10.0,11.0,11.0,10.0,10.0,9.0,10.0,10.0,10.0,12.0,11.0,11.0,12.0,12.0,13.0,13.0,13.0,11.0,13.0,11.0,13.0,13.0,13.0,12.0,12.0,11.0,13.0,13.0,14.0,17.0,15.0,ü,+15,,,,ü
116,10202,,p,1.0,1.0,2.0,2.0,3.0,3.0,4.0,4.0,4.0,4.0,4.0,5.0,6.0,6.0,6.0,7.0,8.0,9.0,8.0,7.0,8.0,8.0,10.0,9.0,9.0,9.0,9.0,9.0,9.0,6.0,4.0,4.0,4.0,4.0,5.0,5.0,4.0,3.0,5.0,4.0,4.0,4.0,3.0,2.0,3.0,3.0,3.0,4.0,5.0,û,+60,,,, 
117,106,,p,0.0,0.0,0.0,0.0,0.0,0.0,0.0,0.0,0.0,1.0,1.0,1.0,1.0,1.0,1.0,1.0,1.0,2.0,2.0,2.0,1.0,2.0,2.0,2.0,3.0,3.0,2.0,4.0,3.0,4.0,4.0,4.0,4.0,5.0,4.0,4.0,3.0,3.0,4.0,3.0,3.0,4.0,4.0,4.0,4.0,4.0,3.0,3.0,3.0,,-29,,,,ü
118,10601,,p,0.0,0.0,0.0,0.0,0.0,0.0,0.0,0.0,0.0,1.0,1.0,1.0,1.0,1.0,1.0,1.0,1.0,2.0,2.0,2.0,1.0,2.0,2.0,2.0,3.0,2.0,2.0,3.0,3.0,4.0,3.0,4.0,4.0,5.0,3.0,3.0,3.0,3.0,3.0,3.0,3.0,3.0,3.0,3.0,3.0,3.0,3.0,2.0,2.0,,-34,,,, 
119,10602,,p,,,,,,,,,,,,,,,,,,,,,,,,,,1.0,0.0,1.0,0.0,0.0,0.0,0.0,0.0,0.0,0.0,0.0,0.0,0.0,0.0,0.0,0.0,0.0,0.0,0.0,0.0,1.0,1.0,1.0,1.0,û,+5,,,,û
120,107,,p,0.0,0.0,0.0,0.0,0.0,0.0,1.0,1.0,1.0,1.0,1.0,1.0,1.0,1.0,2.0,2.0,2.0,2.0,3.0,3.0,2.0,3.0,4.0,4.0,5.0,6.0,7.0,7.0,7.0,7.0,8.0,9.0,11.0,11.0,11.0,12.0,12.0,14.0,14.0,16.0,17.0,18.0,16.0,19.0,17.0,22.0,19.0,23.0,23.0,ü,+3,,,,üü
121,10701,,p,0.0,0.0,0.0,0.0,0.0,0.0,1.0,1.0,1.0,1.0,1.0,1.0,1.0,1.0,2.0,2.0,2.0,2.0,3.0,3.0,2.0,3.0,4.0,4.0,5.0,5.0,6.0,6.0,6.0,7.0,7.0,9.0,10.0,10.0,9.0,10.0,11.0,12.0,13.0,15.0,16.0,17.0,15.0,18.0,16.0,21.0,17.0,22.0,22.0,ü,+4,,,,üü
122,10702,,p,,,,,,,,,,,,,,,,,,,,,,,,,,1.0,1.0,1.0,1.0,0.0,0.0,1.0,1.0,1.0,2.0,2.0,1.0,1.0,1.0,1.0,1.0,1.0,1.0,1.0,2.0,1.0,2.0,2.0,1.0,û,-10,,,, 
123,10801,,p,0.0,0.0,1.0,1.0,1.0,1.0,1.0,1.0,1.0,1.0,1.0,1.0,1.0,2.0,2.0,2.0,2.0,2.0,3.0,3.0,3.0,3.0,3.0,3.0,3.0,3.0,4.0,4.0,4.0,4.0,5.0,5.0,6.0,7.0,7.0,6.0,7.0,8.0,8.0,9.0,10.0,10.0,10.0,12.0,12.0,11.0,10.0,14.0,11.0,ü,-2,,,,üü
124,11401,,p,1.0,1.0,1.0,1.0,1.0,1.0,2.0,2.0,2.0,2.0,2.0,2.0,2.0,2.0,2.0,2.0,2.0,3.0,3.0,2.0,3.0,2.0,4.0,3.0,3.0,4.0,3.0,3.0,3.0,3.0,3.0,3.0,3.0,3.0,4.0,3.0,3.0,3.0,3.0,3.0,3.0,3.0,3.0,4.0,2.0,4.0,3.0,3.0,2.0,,-40,yes,m,,ü
125,117,,p,0.0,0.0,1.0,1.0,1.0,1.0,1.0,1.0,2.0,2.0,2.0,3.0,3.0,3.0,4.0,4.0,4.0,5.0,5.0,5.0,5.0,6.0,6.0,5.0,5.0,5.0,6.0,8.0,9.0,9.0,10.0,10.0,12.0,14.0,12.0,13.0,13.0,12.0,11.0,12.0,13.0,14.0,14.0,12.0,13.0,14.0,14.0,16.0,13.0,ü,-8,,,,üü
126,11702,,p,0.0,0.0,0.0,0.0,1.0,1.0,1.0,1.0,1.0,1.0,1.0,2.0,2.0,2.0,2.0,3.0,3.0,3.0,3.0,3.0,3.0,4.0,4.0,4.0,3.0,4.0,4.0,3.0,4.0,6.0,6.0,5.0,7.0,9.0,7.0,9.0,8.0,8.0,7.0,7.0,8.0,9.0,9.0,7.0,8.0,9.0,9.0,10.0,9.0,,-4,,,,ü
127,11703,,p,0.0,0.0,0.0,0.0,0.0,0.0,0.0,0.0,1.0,1.0,1.0,1.0,1.0,1.0,1.0,1.0,1.0,2.0,2.0,2.0,2.0,2.0,2.0,2.0,2.0,2.0,2.0,5.0,5.0,3.0,4.0,5.0,5.0,5.0,5.0,5.0,6.0,4.0,4.0,4.0,5.0,5.0,5.0,5.0,5.0,6.0,5.0,5.0,5.0,,-14,,,,ü
128,118,,p,2.0,3.0,3.0,3.0,4.0,5.0,5.0,6.0,7.0,8.0,7.0,7.0,8.0,10.0,9.0,9.0,10.0,8.0,10.0,12.0,13.0,11.0,8.0,8.0,9.0,10.0,7.0,13.0,13.0,12.0,14.0,12.0,13.0,14.0,13.0,15.0,13.0,15.0,13.0,13.0,13.0,16.0,16.0,13.0,14.0,14.0,14.0,15.0,10.0,ü,-31,yes,m,,ü
129,119,,p,1.0,2.0,1.0,1.0,2.0,2.0,2.0,3.0,2.0,3.0,3.0,3.0,4.0,4.0,4.0,4.0,4.0,5.0,4.0,4.0,4.0,4.0,4.0,4.0,4.0,3.0,3.0,3.0,3.0,3.0,3.0,3.0,3.0,3.0,3.0,3.0,2.0,2.0,2.0,3.0,3.0,2.0,2.0,2.0,3.0,2.0,2.0,2.0,2.0,,+3,,,,ü
130,120,,p,1.0,1.0,2.0,2.0,2.0,2.0,2.0,3.0,3.0,3.0,3.0,4.0,4.0,5.0,5.0,6.0,7.0,6.0,7.0,6.0,6.0,6.0,7.0,7.0,7.0,8.0,8.0,9.0,9.0,9.0,10.0,10.0,10.0,10.0,11.0,12.0,11.0,13.0,14.0,14.0,14.0,13.0,13.0,13.0,14.0,15.0,17.0,16.0,14.0,ü,-10,,,,üü
131,121,,p,2.0,2.0,3.0,4.0,4.0,5.0,6.0,6.0,8.0,8.0,9.0,9.0,10.0,10.0,11.0,12.0,13.0,12.0,13.0,16.0,15.0,11.0,10.0,11.0,12.0,11.0,12.0,16.0,17.0,21.0,23.0,25.0,27.0,28.0,29.0,28.0,31.0,33.0,33.0,35.0,32.0,35.0,34.0,34.0,37.0,41.0,43.0,48.0,41.0,üü,-1,,,,üüü
132,123,,p,0.0,0.0,0.0,0.0,0.0,0.0,1.0,1.0,1.0,1.0,1.0,1.0,1.0,1.0,2.0,2.0,2.0,2.0,2.0,3.0,3.0,9.0,11.0,11.0,12.0,11.0,10.0,5.0,5.0,4.0,4.0,6.0,5.0,5.0,4.0,5.0,4.0,4.0,5.0,4.0,5.0,5.0,5.0,4.0,6.0,6.0,4.0,9.0,6.0,,+2,,,, 
133,12304,,p,0.0,0.0,0.0,0.0,0.0,0.0,0.0,0.0,0.0,0.0,0.0,0.0,0.0,0.0,0.0,0.0,0.0,0.0,0.0,1.0,1.0,1.0,1.0,1.0,1.0,1.0,1.0,1.0,1.0,1.0,1.0,1.0,1.0,1.0,1.0,1.0,1.0,1.0,1.0,0.0,1.0,1.0,1.0,1.0,1.0,1.0,1.0,1.0,1.0,û,+31,,,,û
134,12305,,p,0.0,0.0,0.0,0.0,0.0,0.0,0.0,0.0,1.0,1.0,1.0,1.0,1.0,1.0,1.0,2.0,2.0,1.0,2.0,2.0,2.0,8.0,10.0,10.0,11.0,10.0,9.0,4.0,4.0,4.0,4.0,5.0,4.0,4.0,4.0,4.0,4.0,4.0,4.0,4.0,4.0,5.0,4.0,3.0,5.0,6.0,3.0,8.0,5.0,,-3,,,, 
135,12901,Eggs,p,11.0,11.0,13.0,14.0,14.0,16.0,18.0,19.0,19.0,18.0,19.0,19.0,19.0,19.0,18.0,16.0,18.0,18.0,17.0,16.0,16.0,16.0,17.0,16.0,16.0,16.0,16.0,17.0,17.0,18.0,18.0,19.0,19.0,23.0,26.0,27.0,28.0,28.0,30.0,31.0,30.0,28.0,28.0,29.0,30.0,32.0,32.0,34.0,31.0,üü,-3,,,,üüü
136,135148,Fats,p,15.0,18.0,21.0,26.0,28.0,31.0,33.0,33.0,34.0,34.0,36.0,37.0,37.0,34.0,35.0,37.0,37.0,37.0,38.0,38.0,37.0,37.0,41.0,38.0,37.0,36.0,37.0,36.0,37.0,36.0,37.0,38.0,40.0,41.0,49.0,47.0,50.0,53.0,55.0,55.0,52.0,52.0,52.0,46.0,57.0,59.0,58.0,65.0,55.0,üü,-7,,,,üüü
137,13501,,p,7.0,9.0,12.0,13.0,15.0,17.0,17.0,16.0,15.0,16.0,14.0,14.0,12.0,11.0,11.0,11.0,10.0,10.0,9.0,10.0,9.0,10.0,11.0,11.0,11.0,10.0,11.0,12.0,11.0,10.0,11.0,12.0,12.0,14.0,16.0,15.0,16.0,19.0,20.0,20.0,20.0,20.0,20.0,16.0,20.0,21.0,20.0,24.0,19.0,üü,-7,,,,üü
138,138,,p,3.0,4.0,5.0,7.0,7.0,8.0,9.0,10.0,10.0,10.0,12.0,12.0,11.0,11.0,11.0,10.0,11.0,11.0,11.0,10.0,5.0,5.0,4.0,3.0,3.0,2.0,3.0,2.0,2.0,1.0,1.0,3.0,3.0,3.0,5.0,5.0,5.0,5.0,6.0,6.0,4.0,4.0,4.0,8.0,12.0,13.0,13.0,13.0,12.0,ü,-7,,,,üü
139,13801,,p,2.0,2.0,3.0,4.0,5.0,6.0,7.0,7.0,7.0,7.0,9.0,9.0,9.0,9.0,10.0,10.0,10.0,11.0,10.0,9.0,5.0,5.0,3.0,2.0,3.0,2.0,2.0,1.0,1.0,1.0,1.0,3.0,3.0,3.0,4.0,5.0,5.0,5.0,5.0,5.0,4.0,4.0,4.0,7.0,11.0,12.0,12.0,13.0,12.0,ü,-6,,,,üü
140,13802,,p,2.0,2.0,2.0,3.0,2.0,2.0,2.0,3.0,3.0,3.0,3.0,3.0,2.0,2.0,1.0,1.0,0.0,1.0,0.0,0.0,0.0,0.0,1.0,1.0,0.0,0.0,0.0,0.0,0.0,0.0,1.0,0.0,0.0,0.0,0.0,0.0,0.0,1.0,1.0,1.0,0.0,0.0,0.0,1.0,1.0,1.0,0.0,1.0,1.0,,-22,,,, 
141,139,,p,2.0,3.0,2.0,3.0,3.0,3.0,3.0,3.0,3.0,3.0,3.0,4.0,3.0,2.0,2.0,2.0,2.0,2.0,1.0,1.0,1.0,1.0,1.0,1.0,1.0,1.0,1.0,0.0,0.0,0.0,0.0,0.0,0.0,0.0,1.0,0.0,0.0,0.0,0.0,0.0,0.0,0.0,0.0,0.0,0.0,0.0,0.0,0.0,0.0,,-29,,,, 
142,143,,p,1.0,1.0,1.0,1.0,2.0,2.0,2.0,2.0,2.0,2.0,3.0,3.0,3.0,3.0,3.0,4.0,4.0,4.0,5.0,5.0,5.0,6.0,7.0,7.0,6.0,6.0,7.0,7.0,8.0,7.0,8.0,8.0,10.0,9.0,12.0,11.0,11.0,12.0,13.0,14.0,12.0,15.0,15.0,11.0,13.0,13.0,14.0,16.0,13.0,ü,-2,,,,üü
143,14304,,p,0.0,0.0,0.0,0.0,0.0,0.0,0.0,0.0,0.0,0.0,1.0,1.0,1.0,1.0,1.0,1.0,1.0,1.0,1.0,1.0,1.0,1.0,1.0,1.0,1.0,1.0,1.0,3.0,4.0,4.0,4.0,5.0,6.0,5.0,6.0,6.0,6.0,6.0,5.0,7.0,6.0,6.0,6.0,5.0,7.0,7.0,7.0,9.0,7.0,ü,-4,,,,ü
144,14305,,p,1.0,1.0,1.0,1.0,1.0,1.0,2.0,2.0,2.0,2.0,2.0,2.0,3.0,2.0,3.0,3.0,3.0,3.0,4.0,4.0,4.0,5.0,6.0,6.0,5.0,5.0,6.0,4.0,4.0,4.0,4.0,4.0,4.0,4.0,6.0,6.0,6.0,6.0,7.0,7.0,6.0,9.0,9.0,6.0,6.0,6.0,7.0,7.0,6.0,ü,+1,,,,üü
145,148,,p,1.0,1.0,1.0,1.0,1.0,1.0,2.0,2.0,3.0,3.0,3.0,5.0,7.0,6.0,8.0,10.0,10.0,10.0,12.0,12.0,16.0,16.0,17.0,17.0,15.0,16.0,15.0,16.0,16.0,16.0,17.0,14.0,14.0,14.0,16.0,15.0,16.0,17.0,16.0,14.0,15.0,13.0,13.0,11.0,12.0,11.0,11.0,12.0,10.0,ü,-10,,,,üü
146,14802,,p,0.0,0.0,0.0,0.0,0.0,0.0,1.0,1.0,1.0,1.0,0.0,0.0,2.0,2.0,3.0,4.0,4.0,4.0,5.0,5.0,9.0,9.0,10.0,11.0,9.0,10.0,10.0,11.0,10.0,11.0,8.0,8.0,9.0,8.0,10.0,9.0,10.0,9.0,9.0,8.0,8.0,7.0,7.0,6.0,6.0,6.0,6.0,7.0,5.0,ü,-3,,,,üü
147,14803,,p,0.0,0.0,0.0,0.0,0.0,1.0,1.0,1.0,1.0,1.0,2.0,2.0,3.0,3.0,3.0,4.0,4.0,4.0,4.0,5.0,4.0,5.0,5.0,4.0,4.0,4.0,4.0,3.0,3.0,3.0,6.0,4.0,4.0,4.0,3.0,4.0,4.0,5.0,4.0,4.0,4.0,3.0,3.0,3.0,3.0,2.0,2.0,2.0,2.0,,-17,,,,ü
148,14805,,p,0.0,0.0,0.0,0.0,0.0,0.0,0.0,0.0,0.0,0.0,0.0,0.0,0.0,0.0,0.0,0.0,0.0,0.0,0.0,0.0,0.0,0.0,0.0,0.0,0.0,0.0,0.0,0.0,0.0,0.0,0.0,0.0,0.0,0.0,0.0,0.0,1.0,1.0,1.0,1.0,1.0,1.0,1.0,1.0,1.0,1.0,1.0,0.0,1.0,û,-13,,,, 
149,14807,,p,0.0,0.0,0.0,0.0,0.0,0.0,0.0,0.0,1.0,1.0,1.0,2.0,1.0,1.0,1.0,1.0,1.0,1.0,2.0,2.0,2.0,2.0,2.0,2.0,2.0,2.0,1.0,2.0,2.0,2.0,2.0,2.0,2.0,2.0,2.0,2.0,2.0,2.0,2.0,2.0,2.0,2.0,2.0,2.0,2.0,3.0,2.0,3.0,2.0,,-19,,,,ü
150,150154,Sugar and preserves,p,9.0,16.0,15.0,16.0,16.0,18.0,20.0,21.0,21.0,23.0,22.0,21.0,21.0,21.0,21.0,21.0,21.0,23.0,21.0,22.0,20.0,20.0,23.0,21.0,19.0,17.0,16.0,15.0,16.0,16.0,17.0,17.0,17.0,17.0,19.0,20.0,21.0,21.0,23.0,23.0,21.0,19.0,19.0,20.0,21.0,18.0,19.0,25.0,21.0,üü,+13,,k,,üü
151,150,,p,6.0,12.0,11.0,11.0,12.0,13.0,14.0,16.0,16.0,16.0,16.0,14.0,14.0,14.0,14.0,14.0,14.0,14.0,13.0,13.0,12.0,12.0,14.0,12.0,10.0,9.0,8.0,7.0,8.0,8.0,8.0,8.0,8.0,8.0,8.0,9.0,9.0,10.0,11.0,11.0,9.0,7.0,7.0,7.0,7.0,6.0,6.0,9.0,6.0,ü,-6,,,,üü
152,151,,p,1.0,2.0,2.0,2.0,2.0,2.0,2.0,2.0,3.0,3.0,3.0,3.0,3.0,3.0,3.0,3.0,3.0,4.0,4.0,4.0,4.0,4.0,4.0,4.0,4.0,3.0,4.0,4.0,4.0,3.0,4.0,4.0,4.0,4.0,4.0,4.0,4.0,4.0,4.0,4.0,5.0,4.0,4.0,4.0,4.0,4.0,4.0,6.0,5.0,ü,+26,yes,k,,ü
153,152,,p,1.0,1.0,1.0,1.0,1.0,1.0,2.0,2.0,2.0,2.0,2.0,2.0,2.0,2.0,2.0,2.0,2.0,3.0,3.0,3.0,3.0,3.0,3.0,3.0,3.0,3.0,2.0,2.0,2.0,2.0,2.0,2.0,2.0,2.0,2.0,2.0,2.0,2.0,2.0,2.0,2.0,2.0,2.0,2.0,2.0,2.0,2.0,2.0,1.0,,-17,,,,ü
154,153,,p,0.0,0.0,0.0,0.0,0.0,0.0,0.0,0.0,0.0,1.0,0.0,0.0,0.0,0.0,0.0,0.0,1.0,1.0,0.0,0.0,0.0,0.0,1.0,1.0,0.0,1.0,1.0,1.0,1.0,1.0,1.0,1.0,1.0,1.0,1.0,1.0,1.0,1.0,1.0,2.0,2.0,2.0,1.0,2.0,2.0,1.0,2.0,3.0,3.0,,+92,yes,k,,ü
155,154,,p,0.0,0.0,1.0,1.0,1.0,1.0,1.0,1.0,1.0,1.0,1.0,1.0,1.0,1.0,1.0,1.0,1.0,1.0,1.0,1.0,1.0,2.0,2.0,2.0,2.0,1.0,1.0,2.0,2.0,2.0,3.0,3.0,3.0,3.0,3.0,3.0,5.0,4.0,4.0,5.0,4.0,4.0,5.0,5.0,6.0,4.0,5.0,6.0,5.0,ü,+12,,,,ü
156,,"Fresh and processed fruit and vegetables, including potatoes",p,62.0,80.0,97.0,103.0,105.0,124.0,139.0,151.0,162.0,181.0,190.0,195.0,221.0,240.0,255.0,272.0,300.0,323.0,326.0,328.0,337.0,370.0,384.0,386.0,406.0,417.0,411.0,421.0,428.0,442.0,451.0,483.0,504.0,519.0,521.0,529.0,554.0,558.0,582.0,605.0,592.0,590.0,595.0,620.0,638.0,656.0,654.0,743.0,643.0,û,-2,,,,üüü
157,cat730,"Fresh and processed vegetables, including potatoes",p,41.0,54.0,69.0,69.0,68.0,83.0,91.0,100.0,109.0,120.0,128.0,129.0,145.0,159.0,167.0,178.0,195.0,206.0,213.0,217.0,225.0,253.0,259.0,252.0,266.0,274.0,265.0,271.0,269.0,279.0,284.0,294.0,303.0,317.0,320.0,329.0,343.0,343.0,358.0,375.0,361.0,355.0,358.0,363.0,376.0,387.0,393.0,442.0,378.0,üüü,-2,,,,üüü
158,cat701,Fresh and processed potatoes,p,14.0,22.0,32.0,27.0,24.0,31.0,33.0,38.0,46.0,48.0,53.0,47.0,54.0,63.0,61.0,67.0,74.0,75.0,82.0,85.0,92.0,110.0,110.0,100.0,111.0,113.0,105.0,104.0,99.0,102.0,102.0,101.0,103.0,108.0,109.0,111.0,113.0,116.0,121.0,129.0,123.0,123.0,123.0,120.0,127.0,127.0,128.0,135.0,120.0,üüü,-6,yes,,,üüü
159,155155,,p,8.0,14.0,22.0,17.0,12.0,17.0,15.0,17.0,21.0,22.0,25.0,18.0,22.0,24.0,23.0,25.0,28.0,28.0,25.0,24.0,29.0,39.0,32.0,26.0,35.0,34.0,33.0,36.0,31.0,32.0,34.0,34.0,35.0,37.0,38.0,36.0,36.0,35.0,37.0,42.0,37.0,34.0,34.0,33.0,34.0,31.0,28.0,31.0,23.0,üü,-27,yes,m,,üüü
160,15505,,p,3.0,4.0,9.0,8.0,4.0,6.0,6.0,6.0,9.0,7.0,12.0,7.0,8.0,10.0,10.0,9.0,13.0,11.0,12.0,9.0,10.0,16.0,15.0,10.0,12.0,16.0,12.0,15.0,12.0,13.0,9.0,9.0,9.0,9.0,9.0,9.0,9.0,8.0,8.0,9.0,8.0,8.0,7.0,7.0,7.0,8.0,6.0,7.0,5.0,ü,-36,yes,m,,üü
161,15506,,p,3.0,5.0,6.0,5.0,5.0,6.0,5.0,6.0,8.0,6.0,8.0,6.0,7.0,7.0,6.0,7.0,8.0,9.0,7.0,8.0,9.0,11.0,10.0,7.0,11.0,10.0,10.0,10.0,8.0,9.0,5.0,5.0,6.0,6.0,6.0,5.0,5.0,6.0,6.0,7.0,6.0,6.0,6.0,6.0,6.0,6.0,5.0,5.0,4.0,ü,-37,yes,m,,üü
162,15504,,p,2.0,5.0,6.0,3.0,3.0,5.0,4.0,6.0,5.0,9.0,5.0,5.0,7.0,8.0,6.0,9.0,8.0,8.0,7.0,7.0,10.0,12.0,7.0,9.0,12.0,9.0,11.0,11.0,10.0,11.0,20.0,20.0,21.0,22.0,24.0,23.0,22.0,21.0,24.0,27.0,23.0,21.0,21.0,20.0,20.0,17.0,17.0,18.0,14.0,üü,-19,yes,m,,üüü
163,cat710,,p,6.0,8.0,11.0,10.0,12.0,15.0,17.0,21.0,24.0,26.0,27.0,30.0,33.0,38.0,39.0,41.0,46.0,47.0,57.0,61.0,63.0,72.0,79.0,74.0,76.0,79.0,72.0,68.0,68.0,70.0,68.0,67.0,68.0,70.0,71.0,74.0,76.0,81.0,84.0,87.0,86.0,88.0,89.0,88.0,93.0,96.0,100.0,105.0,97.0,üüü,+1,,,,üüü
164,197,,p,3.0,4.0,6.0,5.0,6.0,8.0,9.0,11.0,12.0,13.0,12.0,13.0,15.0,19.0,18.0,19.0,21.0,19.0,24.0,28.0,30.0,34.0,34.0,32.0,34.0,35.0,29.0,29.0,29.0,29.0,28.0,28.0,28.0,30.0,30.0,31.0,31.0,33.0,33.0,34.0,34.0,36.0,36.0,36.0,38.0,37.0,41.0,40.0,32.0,üü,-16,yes,m,,üüü
165,19702,,p,1.0,2.0,3.0,2.0,2.0,3.0,4.0,5.0,6.0,6.0,6.0,7.0,7.0,9.0,9.0,10.0,11.0,11.0,13.0,14.0,15.0,18.0,18.0,16.0,18.0,19.0,17.0,10.0,10.0,10.0,9.0,9.0,11.0,11.0,12.0,13.0,13.0,14.0,14.0,15.0,15.0,15.0,14.0,15.0,15.0,16.0,16.0,18.0,16.0,üü,+5,,,,üüü
166,19703,,p,2.0,3.0,4.0,3.0,4.0,5.0,5.0,6.0,6.0,7.0,6.0,7.0,8.0,9.0,9.0,9.0,10.0,8.0,11.0,14.0,15.0,16.0,15.0,15.0,16.0,16.0,12.0,19.0,19.0,18.0,19.0,18.0,18.0,19.0,18.0,18.0,18.0,19.0,19.0,19.0,19.0,21.0,22.0,22.0,23.0,22.0,25.0,21.0,15.0,ü,-31,yes,m,,üü
167,198,,p,0.0,0.0,1.0,1.0,0.0,0.0,0.0,0.0,0.0,0.0,0.0,0.0,0.0,0.0,0.0,0.0,0.0,1.0,1.0,0.0,0.0,1.0,0.0,0.0,1.0,0.0,1.0,1.0,1.0,1.0,1.0,1.0,1.0,0.0,0.0,0.0,0.0,0.0,0.0,0.0,0.0,0.0,0.0,0.0,0.0,0.0,0.0,0.0,0.0,û,-45,,,,û
168,199,,p,0.0,0.0,0.0,0.0,0.0,0.0,0.0,0.0,0.0,0.0,0.0,0.0,0.0,0.0,1.0,1.0,1.0,1.0,1.0,1.0,1.0,1.0,1.0,1.0,1.0,0.0,0.0,0.0,0.0,0.0,0.0,0.0,0.0,0.0,0.0,0.0,0.0,0.0,0.0,0.0,0.0,0.0,0.0,0.0,0.0,0.0,0.0,0.0,0.0,û,-47,yes,m,, 
169,200,,p,2.0,3.0,3.0,4.0,4.0,5.0,6.0,8.0,9.0,11.0,12.0,13.0,14.0,16.0,17.0,18.0,20.0,23.0,27.0,28.0,27.0,30.0,37.0,35.0,34.0,35.0,34.0,30.0,29.0,31.0,30.0,30.0,30.0,31.0,32.0,34.0,36.0,38.0,40.0,42.0,41.0,40.0,41.0,40.0,42.0,46.0,46.0,51.0,52.0,üü,+13,yes,k,,üüü
170,201,,p,0.0,0.0,1.0,1.0,1.0,1.0,1.0,1.0,2.0,2.0,2.0,2.0,2.0,3.0,3.0,3.0,4.0,4.0,4.0,5.0,5.0,6.0,7.0,6.0,7.0,8.0,7.0,8.0,9.0,9.0,9.0,9.0,8.0,9.0,9.0,8.0,8.0,10.0,10.0,11.0,11.0,11.0,11.0,11.0,12.0,12.0,13.0,13.0,13.0,üü,+8,,,,üü
171,cat811,"Fresh and processed fruit and vegetables, excluding potatoes",p,48.0,58.0,65.0,76.0,81.0,93.0,107.0,113.0,116.0,133.0,137.0,147.0,167.0,177.0,194.0,206.0,226.0,248.0,243.0,243.0,245.0,260.0,274.0,286.0,295.0,304.0,306.0,317.0,330.0,340.0,349.0,382.0,401.0,411.0,411.0,419.0,441.0,442.0,460.0,476.0,469.0,468.0,472.0,500.0,511.0,529.0,526.0,608.0,524.0,üüü,-1,,,,üüü
172,cat720,"Fresh and processed vegetables, excluding potatoes",p,27.0,33.0,37.0,42.0,43.0,52.0,58.0,62.0,64.0,72.0,75.0,82.0,91.0,97.0,106.0,112.0,121.0,131.0,130.0,132.0,133.0,142.0,149.0,152.0,155.0,162.0,160.0,167.0,170.0,177.0,182.0,194.0,200.0,209.0,210.0,218.0,230.0,227.0,236.0,245.0,237.0,233.0,235.0,243.0,249.0,260.0,264.0,307.0,259.0,üüü,-1,,,,üüü
173,162171,,p,6.0,6.0,7.0,8.0,8.0,10.0,11.0,12.0,12.0,14.0,14.0,15.0,17.0,17.0,20.0,21.0,23.0,25.0,24.0,25.0,25.0,27.0,28.0,31.0,33.0,34.0,36.0,40.0,40.0,43.0,43.0,45.0,46.0,49.0,45.0,46.0,49.0,48.0,51.0,51.0,49.0,48.0,48.0,48.0,48.0,49.0,50.0,57.0,49.0,üüü,-1,,,,üüü
174,16201,,p,2.0,2.0,2.0,2.0,2.0,3.0,3.0,3.0,3.0,4.0,4.0,4.0,4.0,4.0,4.0,4.0,5.0,5.0,4.0,4.0,4.0,4.0,4.0,4.0,4.0,4.0,4.0,4.0,4.0,4.0,4.0,5.0,5.0,5.0,5.0,5.0,5.0,5.0,5.0,5.0,5.0,5.0,5.0,5.0,5.0,5.0,5.0,6.0,5.0,ü,+0,,,,üü
175,16301,,p,1.0,1.0,1.0,1.0,1.0,2.0,1.0,2.0,1.0,2.0,2.0,2.0,2.0,2.0,2.0,2.0,2.0,2.0,2.0,2.0,2.0,1.0,2.0,2.0,2.0,2.0,1.0,2.0,2.0,2.0,2.0,2.0,2.0,2.0,2.0,2.0,2.0,2.0,2.0,2.0,2.0,2.0,2.0,2.0,2.0,1.0,2.0,2.0,2.0,ü,+24,,,,ü
176,16401,,p,1.0,1.0,1.0,2.0,2.0,2.0,3.0,3.0,3.0,3.0,4.0,3.0,4.0,3.0,4.0,4.0,5.0,7.0,7.0,8.0,8.0,9.0,8.0,9.0,9.0,8.0,8.0,9.0,9.0,9.0,9.0,11.0,10.0,11.0,10.0,11.0,10.0,11.0,11.0,11.0,10.0,8.0,8.0,9.0,9.0,10.0,10.0,11.0,10.0,üü,+1,,,,üüü
177,167,,p,1.0,2.0,2.0,2.0,2.0,3.0,3.0,3.0,3.0,4.0,4.0,4.0,5.0,6.0,6.0,7.0,7.0,8.0,8.0,8.0,8.0,9.0,10.0,11.0,12.0,13.0,14.0,17.0,17.0,19.0,19.0,19.0,20.0,20.0,18.0,19.0,22.0,21.0,22.0,22.0,21.0,20.0,20.0,19.0,18.0,20.0,18.0,20.0,19.0,üü,-6,,,,üüü
178,16701,,p,1.0,2.0,2.0,2.0,2.0,3.0,3.0,3.0,3.0,4.0,4.0,4.0,5.0,6.0,6.0,7.0,7.0,8.0,8.0,8.0,8.0,9.0,10.0,11.0,12.0,13.0,14.0,17.0,7.0,8.0,8.0,8.0,9.0,9.0,8.0,8.0,9.0,8.0,8.0,8.0,7.0,7.0,7.0,7.0,7.0,8.0,7.0,8.0,7.0,üü,-13,yes,,,üü
179,16702,,p,,,,,,,,,,,,,,,,,,,,,,,,,,,,,10.0,11.0,11.0,11.0,11.0,12.0,10.0,11.0,13.0,13.0,14.0,14.0,13.0,13.0,13.0,12.0,11.0,12.0,11.0,12.0,12.0,üü,-2,,,,üü
180,168,,p,0.0,0.0,0.0,0.0,0.0,0.0,0.0,0.0,0.0,0.0,0.0,0.0,0.0,0.0,0.0,0.0,1.0,1.0,1.0,1.0,1.0,1.0,1.0,1.0,2.0,2.0,2.0,2.0,2.0,2.0,2.0,2.0,2.0,2.0,2.0,2.0,2.0,2.0,2.0,2.0,2.0,2.0,2.0,2.0,2.0,2.0,2.0,2.0,2.0,ü,-18,,,,ü
181,169,,p,0.0,0.0,0.0,0.0,0.0,0.0,1.0,0.0,0.0,1.0,1.0,1.0,1.0,1.0,1.0,1.0,1.0,1.0,1.0,2.0,2.0,2.0,2.0,3.0,4.0,4.0,4.0,4.0,5.0,5.0,5.0,6.0,5.0,6.0,5.0,5.0,6.0,6.0,6.0,6.0,6.0,6.0,6.0,6.0,6.0,5.0,6.0,6.0,5.0,ü,-0,,,,üü
182,171,,p,0.0,0.0,0.0,0.0,0.0,0.0,0.0,0.0,0.0,0.0,1.0,1.0,1.0,1.0,2.0,2.0,2.0,1.0,0.0,0.0,0.0,1.0,1.0,1.0,1.0,2.0,2.0,1.0,1.0,1.0,2.0,2.0,2.0,2.0,2.0,2.0,2.0,3.0,3.0,4.0,4.0,5.0,5.0,6.0,6.0,6.0,7.0,9.0,6.0,ü,+8,,,,üü
183,172183,,p,10.0,12.0,14.0,15.0,17.0,19.0,23.0,25.0,24.0,28.0,30.0,32.0,36.0,39.0,43.0,44.0,48.0,51.0,51.0,51.0,52.0,58.0,59.0,60.0,62.0,65.0,67.0,75.0,77.0,80.0,85.0,91.0,96.0,100.0,102.0,105.0,113.0,110.0,113.0,118.0,114.0,111.0,111.0,113.0,114.0,118.0,120.0,141.0,115.0,üüü,-3,,,,üüü
184,172,,p,1.0,1.0,2.0,2.0,2.0,2.0,2.0,3.0,3.0,3.0,4.0,4.0,4.0,5.0,5.0,5.0,6.0,7.0,6.0,6.0,6.0,6.0,6.0,6.0,7.0,6.0,6.0,7.0,6.0,6.0,7.0,8.0,8.0,9.0,9.0,9.0,9.0,9.0,10.0,10.0,9.0,8.0,8.0,8.0,7.0,8.0,8.0,8.0,6.0,üü,-19,yes,m,,üüü
185,173,,p,0.0,0.0,1.0,1.0,1.0,1.0,1.0,1.0,1.0,1.0,1.0,1.0,1.0,1.0,1.0,1.0,1.0,2.0,2.0,2.0,1.0,2.0,2.0,2.0,2.0,2.0,2.0,2.0,2.0,2.0,2.0,2.0,2.0,2.0,2.0,2.0,2.0,1.0,1.0,2.0,1.0,1.0,2.0,1.0,1.0,1.0,1.0,1.0,1.0,,-15,,,,ü
186,174,,p,0.0,0.0,0.0,1.0,1.0,1.0,1.0,1.0,1.0,1.0,1.0,1.0,1.0,1.0,1.0,2.0,2.0,2.0,2.0,2.0,2.0,2.0,3.0,3.0,3.0,3.0,3.0,4.0,4.0,4.0,5.0,6.0,6.0,6.0,7.0,7.0,7.0,6.0,7.0,8.0,8.0,8.0,8.0,10.0,9.0,8.0,8.0,9.0,8.0,ü,-1,,,,üü
187,175,,p,1.0,2.0,2.0,2.0,2.0,3.0,3.0,3.0,3.0,4.0,4.0,4.0,5.0,5.0,6.0,6.0,7.0,7.0,7.0,7.0,8.0,9.0,8.0,9.0,9.0,9.0,9.0,11.0,11.0,11.0,11.0,12.0,12.0,13.0,14.0,14.0,15.0,16.0,15.0,15.0,14.0,14.0,14.0,13.0,13.0,14.0,15.0,18.0,14.0,üü,+2,,,,üüü
188,176,,p,1.0,1.0,1.0,1.0,1.0,2.0,2.0,2.0,2.0,2.0,3.0,3.0,3.0,4.0,4.0,4.0,5.0,4.0,4.0,4.0,4.0,5.0,4.0,4.0,4.0,4.0,5.0,5.0,5.0,5.0,6.0,5.0,6.0,6.0,6.0,7.0,7.0,7.0,7.0,7.0,6.0,6.0,6.0,6.0,6.0,7.0,8.0,8.0,7.0,üü,+2,,,,üü
189,177,,p,1.0,1.0,1.0,2.0,2.0,2.0,3.0,3.0,3.0,4.0,4.0,5.0,6.0,6.0,7.0,7.0,7.0,9.0,9.0,9.0,9.0,10.0,10.0,10.0,10.0,10.0,10.0,10.0,10.0,10.0,10.0,9.0,9.0,10.0,10.0,11.0,12.0,11.0,11.0,11.0,12.0,11.0,11.0,11.0,11.0,12.0,12.0,14.0,12.0,üü,-3,,,,üüü
190,178,,p,4.0,5.0,6.0,6.0,7.0,7.0,9.0,9.0,9.0,10.0,10.0,10.0,11.0,11.0,12.0,12.0,13.0,13.0,12.0,12.0,12.0,12.0,13.0,12.0,14.0,15.0,16.0,17.0,18.0,19.0,19.0,20.0,21.0,22.0,21.0,22.0,25.0,23.0,24.0,25.0,23.0,23.0,23.0,23.0,24.0,24.0,24.0,29.0,24.0,üü,+2,,,,üüü
191,183,,p,1.0,1.0,1.0,1.0,1.0,2.0,2.0,3.0,2.0,3.0,3.0,4.0,5.0,5.0,6.0,7.0,7.0,9.0,9.0,10.0,10.0,12.0,13.0,14.0,14.0,16.0,16.0,21.0,22.0,23.0,26.0,30.0,31.0,33.0,33.0,33.0,37.0,36.0,39.0,40.0,40.0,39.0,40.0,41.0,41.0,45.0,43.0,54.0,43.0,üü,-4,,,,üüü
192,18301,,p,0.0,0.0,0.0,0.0,0.0,0.0,0.0,0.0,0.0,1.0,1.0,1.0,1.0,1.0,1.0,1.0,1.0,1.0,2.0,2.0,2.0,2.0,2.0,2.0,2.0,3.0,3.0,4.0,4.0,4.0,6.0,6.0,6.0,7.0,8.0,7.0,8.0,7.0,8.0,8.0,9.0,8.0,9.0,8.0,7.0,8.0,7.0,9.0,7.0,ü,-14,,,,üü
193,18302,,p,0.0,0.0,0.0,0.0,0.0,0.0,1.0,1.0,1.0,1.0,1.0,1.0,1.0,1.0,1.0,1.0,2.0,2.0,2.0,2.0,2.0,3.0,3.0,3.0,3.0,4.0,4.0,5.0,5.0,5.0,5.0,6.0,7.0,7.0,6.0,7.0,8.0,7.0,8.0,8.0,8.0,8.0,8.0,8.0,9.0,10.0,9.0,12.0,9.0,ü,-3,,,,üü
194,18303,,p,0.0,0.0,0.0,0.0,1.0,1.0,1.0,1.0,1.0,1.0,2.0,2.0,2.0,3.0,3.0,3.0,4.0,4.0,4.0,5.0,5.0,6.0,6.0,7.0,7.0,8.0,8.0,10.0,10.0,11.0,12.0,14.0,14.0,15.0,15.0,15.0,17.0,17.0,18.0,19.0,18.0,17.0,17.0,19.0,19.0,20.0,21.0,25.0,21.0,üü,+1,,,,üüü
195,18304,,p,0.0,0.0,0.0,0.0,0.0,0.0,0.0,0.0,0.0,0.0,0.0,1.0,1.0,1.0,1.0,1.0,1.0,1.0,1.0,1.0,1.0,2.0,2.0,2.0,2.0,2.0,2.0,3.0,3.0,3.0,3.0,3.0,3.0,4.0,4.0,4.0,5.0,5.0,5.0,5.0,5.0,6.0,6.0,6.0,6.0,7.0,6.0,7.0,6.0,ü,-8,,,,üü
196,cat702,,p,11.0,14.0,16.0,19.0,18.0,22.0,24.0,26.0,28.0,30.0,31.0,35.0,38.0,40.0,43.0,46.0,50.0,54.0,56.0,56.0,56.0,57.0,62.0,61.0,59.0,62.0,58.0,52.0,53.0,54.0,55.0,57.0,59.0,60.0,64.0,67.0,69.0,69.0,72.0,76.0,74.0,75.0,76.0,82.0,87.0,93.0,94.0,109.0,95.0,üü,+3,,,,üüü
197,184,,p,1.0,1.0,1.0,1.0,1.0,2.0,2.0,2.0,2.0,2.0,2.0,3.0,2.0,3.0,3.0,3.0,4.0,4.0,4.0,3.0,3.0,3.0,3.0,3.0,3.0,3.0,3.0,3.0,3.0,4.0,4.0,4.0,3.0,4.0,5.0,6.0,6.0,6.0,6.0,7.0,6.0,6.0,6.0,7.0,7.0,8.0,7.0,8.0,6.0,ü,-20,,,,üü
198,185,,p,2.0,2.0,3.0,3.0,3.0,3.0,3.0,3.0,4.0,4.0,4.0,4.0,4.0,3.0,4.0,4.0,4.0,4.0,4.0,3.0,3.0,3.0,3.0,3.0,3.0,2.0,3.0,2.0,2.0,2.0,2.0,2.0,2.0,2.0,2.0,2.0,2.0,2.0,2.0,2.0,2.0,2.0,2.0,2.0,1.0,1.0,1.0,2.0,1.0,ü,-14,,,,üü
199,188,,p,3.0,3.0,4.0,4.0,4.0,5.0,5.0,6.0,6.0,7.0,7.0,8.0,8.0,9.0,9.0,9.0,9.0,9.0,9.0,8.0,8.0,8.0,9.0,9.0,9.0,8.0,9.0,7.0,8.0,7.0,8.0,9.0,9.0,9.0,11.0,12.0,12.0,12.0,12.0,12.0,12.0,12.0,12.0,11.0,12.0,13.0,13.0,14.0,13.0,üü,+5,,,,üüü
200,18802,,p,3.0,3.0,3.0,4.0,4.0,4.0,5.0,5.0,6.0,6.0,6.0,7.0,7.0,8.0,8.0,8.0,8.0,8.0,8.0,7.0,7.0,7.0,7.0,7.0,8.0,7.0,7.0,6.0,6.0,6.0,6.0,7.0,8.0,8.0,9.0,10.0,10.0,10.0,10.0,10.0,9.0,9.0,9.0,8.0,9.0,9.0,9.0,10.0,9.0,üü,-2,,,,üü
201,18803,,p,0.0,0.0,0.0,0.0,0.0,1.0,1.0,1.0,1.0,1.0,1.0,1.0,1.0,1.0,1.0,1.0,1.0,1.0,1.0,1.0,1.0,1.0,1.0,1.0,1.0,1.0,1.0,1.0,1.0,1.0,1.0,2.0,2.0,2.0,1.0,2.0,2.0,2.0,2.0,2.0,2.0,2.0,2.0,3.0,3.0,3.0,4.0,4.0,4.0,ü,+26,yes,k,,üü
202,191,,p,1.0,1.0,2.0,2.0,2.0,2.0,2.0,3.0,3.0,3.0,3.0,3.0,3.0,3.0,4.0,4.0,4.0,4.0,5.0,4.0,4.0,4.0,4.0,4.0,4.0,4.0,4.0,3.0,3.0,3.0,3.0,3.0,3.0,3.0,3.0,4.0,4.0,3.0,4.0,4.0,3.0,4.0,4.0,4.0,4.0,4.0,4.0,5.0,4.0,ü,-4,,,,üü
203,192,,p,0.0,1.0,1.0,1.0,1.0,1.0,1.0,1.0,1.0,1.0,1.0,1.0,1.0,1.0,1.0,1.0,1.0,1.0,1.0,1.0,1.0,1.0,1.0,1.0,1.0,1.0,1.0,1.0,1.0,1.0,1.0,1.0,1.0,1.0,2.0,1.0,1.0,2.0,2.0,2.0,1.0,2.0,2.0,2.0,3.0,2.0,2.0,2.0,3.0,û,+42,,,, 
204,195,,p,0.0,0.0,0.0,0.0,0.0,0.0,0.0,0.0,0.0,0.0,0.0,0.0,0.0,0.0,0.0,0.0,0.0,0.0,0.0,0.0,0.0,0.0,1.0,0.0,0.0,0.0,0.0,0.0,0.0,1.0,0.0,0.0,0.0,0.0,0.0,0.0,0.0,0.0,0.0,0.0,0.0,0.0,0.0,0.0,0.0,0.0,0.0,1.0,1.0,û,+54,,,, 
205,196,,p,0.0,0.0,0.0,0.0,0.0,0.0,0.0,0.0,0.0,1.0,0.0,1.0,1.0,1.0,1.0,1.0,1.0,1.0,1.0,1.0,1.0,1.0,1.0,1.0,1.0,1.0,1.0,1.0,1.0,1.0,1.0,1.0,1.0,1.0,1.0,1.0,2.0,2.0,2.0,2.0,2.0,2.0,2.0,2.0,2.0,2.0,2.0,2.0,2.0,,+2,,,,ü
206,19602,,p,0.0,0.0,0.0,0.0,0.0,0.0,0.0,0.0,0.0,0.0,0.0,0.0,0.0,1.0,1.0,1.0,1.0,1.0,1.0,1.0,1.0,1.0,1.0,1.0,1.0,1.0,1.0,1.0,1.0,1.0,1.0,1.0,1.0,1.0,1.0,1.0,1.0,1.0,1.0,1.0,1.0,1.0,1.0,1.0,2.0,1.0,2.0,2.0,1.0,ü,+3,,,,ü
207,19603,,p,0.0,0.0,0.0,0.0,0.0,0.0,0.0,0.0,0.0,0.0,0.0,0.0,0.0,0.0,0.0,0.0,0.0,0.0,0.0,0.0,0.0,0.0,0.0,0.0,0.0,0.0,0.0,0.0,0.0,0.0,0.0,1.0,1.0,1.0,1.0,0.0,0.0,1.0,1.0,0.0,1.0,1.0,1.0,0.0,0.0,0.0,1.0,1.0,0.0,û,-2,,,,û
208,203,,p,2.0,2.0,2.0,3.0,3.0,4.0,4.0,4.0,5.0,4.0,5.0,5.0,5.0,5.0,6.0,5.0,6.0,6.0,5.0,5.0,5.0,5.0,6.0,6.0,5.0,5.0,5.0,4.0,4.0,4.0,4.0,4.0,4.0,4.0,5.0,5.0,5.0,5.0,5.0,5.0,5.0,5.0,5.0,5.0,5.0,5.0,5.0,5.0,4.0,ü,-24,yes,m,,üü
209,204,,p,1.0,1.0,1.0,1.0,1.0,1.0,1.0,2.0,2.0,1.0,2.0,2.0,2.0,2.0,2.0,2.0,1.0,2.0,2.0,1.0,1.0,2.0,1.0,1.0,1.0,1.0,1.0,1.0,1.0,1.0,1.0,0.0,0.0,1.0,1.0,0.0,0.0,0.0,1.0,1.0,0.0,0.0,0.0,0.0,0.0,0.0,0.0,1.0,0.0,û,-37,,,, 
210,206,,p,1.0,1.0,1.0,1.0,1.0,1.0,2.0,2.0,2.0,3.0,4.0,4.0,6.0,7.0,9.0,10.0,12.0,13.0,17.0,19.0,21.0,21.0,23.0,23.0,23.0,26.0,22.0,25.0,25.0,25.0,27.0,29.0,29.0,29.0,29.0,30.0,32.0,31.0,33.0,35.0,37.0,37.0,38.0,43.0,47.0,51.0,54.0,62.0,55.0,üü,+9,,k,,üüü
211,20601,,p,0.0,1.0,1.0,1.0,1.0,1.0,1.0,1.0,2.0,3.0,3.0,3.0,5.0,6.0,7.0,8.0,10.0,11.0,13.0,15.0,16.0,15.0,16.0,16.0,16.0,18.0,17.0,17.0,19.0,18.0,19.0,21.0,21.0,21.0,21.0,21.0,24.0,23.0,25.0,27.0,27.0,28.0,28.0,31.0,35.0,39.0,41.0,48.0,44.0,üü,+11,,k,,üüü
212,20604,,p,0.0,0.0,0.0,0.0,0.0,0.0,0.0,0.0,0.0,1.0,1.0,1.0,1.0,2.0,2.0,2.0,3.0,3.0,3.0,4.0,4.0,6.0,7.0,7.0,7.0,9.0,6.0,7.0,6.0,7.0,8.0,8.0,8.0,8.0,8.0,9.0,8.0,8.0,8.0,9.0,10.0,9.0,10.0,12.0,12.0,11.0,12.0,14.0,11.0,,-0,,,,ü
213,208,,p,1.0,1.0,2.0,2.0,2.0,3.0,3.0,3.0,4.0,3.0,4.0,5.0,5.0,6.0,6.0,7.0,8.0,10.0,10.0,9.0,9.0,10.0,10.0,10.0,10.0,10.0,9.0,5.0,5.0,6.0,5.0,5.0,5.0,5.0,5.0,5.0,5.0,5.0,6.0,6.0,6.0,5.0,5.0,6.0,6.0,6.0,6.0,7.0,5.0,ü,-9,,,,üü
214,cat810,Fresh and processed fruit,p,21.0,25.0,28.0,34.0,37.0,41.0,48.0,51.0,52.0,61.0,62.0,66.0,76.0,81.0,88.0,94.0,105.0,117.0,113.0,111.0,112.0,118.0,125.0,134.0,140.0,143.0,146.0,150.0,159.0,163.0,167.0,188.0,201.0,202.0,201.0,200.0,211.0,215.0,224.0,230.0,232.0,235.0,237.0,257.0,262.0,269.0,261.0,302.0,265.0,üüü,-1,,,,üüü
215,210231,,p,12.0,15.0,16.0,20.0,22.0,24.0,29.0,30.0,32.0,37.0,37.0,40.0,47.0,49.0,54.0,58.0,67.0,72.0,71.0,69.0,74.0,78.0,82.0,89.0,93.0,95.0,97.0,102.0,111.0,115.0,119.0,131.0,136.0,138.0,139.0,138.0,146.0,146.0,152.0,155.0,160.0,166.0,167.0,182.0,186.0,190.0,185.0,208.0,181.0,üüü,-4,,,,üüü
216,210,,p,2.0,3.0,3.0,3.0,3.0,4.0,4.0,4.0,4.0,5.0,5.0,5.0,6.0,6.0,7.0,6.0,7.0,7.0,6.0,5.0,6.0,6.0,6.0,6.0,6.0,5.0,6.0,6.0,6.0,7.0,6.0,7.0,6.0,7.0,6.0,6.0,7.0,7.0,7.0,7.0,7.0,7.0,7.0,7.0,8.0,7.0,7.0,9.0,8.0,ü,+4,,,,üü
217,214,,p,1.0,1.0,1.0,2.0,2.0,2.0,3.0,3.0,3.0,4.0,3.0,4.0,5.0,5.0,5.0,6.0,6.0,6.0,7.0,7.0,7.0,8.0,8.0,9.0,9.0,9.0,10.0,10.0,12.0,12.0,12.0,12.0,13.0,13.0,14.0,14.0,14.0,15.0,15.0,16.0,16.0,16.0,16.0,17.0,18.0,19.0,19.0,20.0,17.0,üü,-8,,,,üüü
218,217,,p,4.0,6.0,6.0,8.0,8.0,8.0,9.0,10.0,11.0,12.0,12.0,12.0,14.0,14.0,15.0,16.0,19.0,21.0,20.0,16.0,18.0,19.0,19.0,20.0,20.0,19.0,20.0,19.0,21.0,22.0,21.0,21.0,22.0,23.0,22.0,23.0,23.0,22.0,24.0,25.0,24.0,23.0,23.0,25.0,23.0,24.0,24.0,28.0,25.0,üü,+1,,,,üüü
219,218,,p,1.0,1.0,1.0,1.0,1.0,1.0,1.0,2.0,1.0,2.0,2.0,2.0,2.0,2.0,3.0,3.0,4.0,4.0,4.0,4.0,4.0,4.0,5.0,5.0,5.0,5.0,5.0,5.0,5.0,6.0,6.0,6.0,7.0,6.0,6.0,6.0,7.0,7.0,6.0,7.0,6.0,6.0,6.0,6.0,7.0,6.0,6.0,7.0,5.0,ü,-13,,,,üü
220,221,,p,1.0,1.0,1.0,1.0,1.0,2.0,2.0,2.0,2.0,3.0,3.0,3.0,4.0,5.0,4.0,5.0,5.0,6.0,5.0,6.0,7.0,7.0,7.0,8.0,8.0,11.0,11.0,12.0,14.0,15.0,15.0,17.0,18.0,16.0,16.0,15.0,16.0,17.0,18.0,18.0,19.0,23.0,23.0,25.0,26.0,26.0,25.0,28.0,23.0,üü,-10,,,,üü
221,222,,p,0.0,0.0,0.0,1.0,1.0,1.0,1.0,2.0,1.0,2.0,2.0,2.0,3.0,3.0,4.0,4.0,5.0,6.0,6.0,7.0,7.0,8.0,8.0,9.0,10.0,11.0,10.0,12.0,13.0,14.0,14.0,17.0,17.0,17.0,18.0,18.0,19.0,20.0,19.0,20.0,21.0,20.0,21.0,21.0,21.0,20.0,20.0,23.0,20.0,üü,+1,,,,üüü
222,227,,p,0.0,1.0,0.0,1.0,1.0,1.0,2.0,2.0,1.0,2.0,2.0,2.0,2.0,2.0,3.0,3.0,3.0,3.0,3.0,3.0,4.0,5.0,5.0,5.0,6.0,7.0,7.0,8.0,10.0,12.0,15.0,17.0,19.0,22.0,21.0,24.0,25.0,25.0,28.0,26.0,30.0,35.0,37.0,43.0,45.0,47.0,45.0,54.0,47.0,üü,+1,,,,üüü
223,228,,p,2.0,3.0,3.0,4.0,4.0,4.0,5.0,5.0,6.0,6.0,7.0,8.0,9.0,9.0,11.0,12.0,14.0,15.0,15.0,15.0,16.0,16.0,18.0,20.0,22.0,22.0,21.0,22.0,21.0,19.0,19.0,21.0,21.0,21.0,21.0,20.0,21.0,20.0,20.0,21.0,20.0,20.0,20.0,20.0,22.0,22.0,22.0,21.0,19.0,üü,-14,yes,m,,üüü
224,229,,p,0.0,0.0,0.0,0.0,0.0,0.0,0.0,1.0,0.0,1.0,1.0,1.0,1.0,1.0,1.0,1.0,2.0,2.0,2.0,2.0,2.0,3.0,3.0,3.0,3.0,3.0,4.0,4.0,4.0,4.0,4.0,4.0,5.0,4.0,4.0,4.0,5.0,4.0,5.0,4.0,5.0,5.0,5.0,6.0,6.0,7.0,7.0,7.0,6.0,ü,-8,,,,üü
225,231,,p,0.0,0.0,0.0,0.0,0.0,0.0,1.0,1.0,1.0,1.0,1.0,1.0,1.0,1.0,1.0,2.0,2.0,2.0,2.0,2.0,2.0,3.0,3.0,3.0,3.0,4.0,4.0,4.0,5.0,4.0,6.0,7.0,8.0,8.0,10.0,8.0,10.0,9.0,10.0,11.0,11.0,10.0,10.0,11.0,10.0,11.0,11.0,11.0,10.0,ü,-10,,,,üü
226,233248,,p,9.0,11.0,12.0,14.0,15.0,17.0,20.0,20.0,21.0,24.0,24.0,26.0,29.0,32.0,34.0,36.0,38.0,44.0,42.0,42.0,38.0,40.0,43.0,45.0,46.0,47.0,49.0,48.0,49.0,48.0,48.0,58.0,65.0,64.0,62.0,62.0,65.0,69.0,72.0,76.0,72.0,69.0,70.0,75.0,76.0,79.0,76.0,93.0,84.0,üü,+6,,k,,üüü
227,233,,p,2.0,3.0,3.0,3.0,4.0,4.0,4.0,3.0,4.0,4.0,4.0,4.0,4.0,4.0,4.0,4.0,4.0,4.0,4.0,3.0,3.0,3.0,3.0,3.0,3.0,2.0,3.0,2.0,2.0,2.0,2.0,2.0,2.0,2.0,2.0,2.0,2.0,2.0,2.0,2.0,2.0,2.0,2.0,2.0,2.0,2.0,2.0,3.0,2.0,,-25,,,,ü
228,236,,p,3.0,3.0,3.0,4.0,4.0,4.0,4.0,3.0,4.0,4.0,4.0,4.0,4.0,4.0,4.0,4.0,4.0,4.0,5.0,4.0,4.0,4.0,5.0,5.0,4.0,5.0,4.0,4.0,4.0,4.0,4.0,4.0,4.0,4.0,4.0,4.0,4.0,4.0,4.0,4.0,4.0,4.0,4.0,5.0,5.0,5.0,4.0,5.0,5.0,ü,+1,,,,üü
229,240,,p,2.0,2.0,2.0,3.0,3.0,4.0,4.0,4.0,3.0,4.0,4.0,4.0,5.0,5.0,4.0,4.0,5.0,5.0,5.0,5.0,5.0,5.0,5.0,6.0,5.0,5.0,5.0,5.0,6.0,5.0,6.0,7.0,7.0,7.0,7.0,8.0,8.0,9.0,9.0,9.0,9.0,8.0,8.0,9.0,8.0,9.0,9.0,11.0,9.0,ü,+3,,,,üü
230,241,,p,0.0,0.0,0.0,0.0,0.0,0.0,0.0,0.0,0.0,0.0,0.0,0.0,0.0,0.0,0.0,0.0,0.0,1.0,1.0,1.0,1.0,1.0,1.0,1.0,1.0,1.0,1.0,0.0,0.0,0.0,0.0,0.0,1.0,1.0,1.0,1.0,1.0,1.0,1.0,1.0,1.0,2.0,2.0,2.0,3.0,4.0,3.0,5.0,4.0,,+20,,,,ü
231,245,,p,1.0,1.0,1.0,2.0,2.0,2.0,3.0,3.0,3.0,4.0,4.0,4.0,4.0,6.0,5.0,5.0,6.0,7.0,7.0,8.0,8.0,7.0,8.0,8.0,8.0,7.0,8.0,9.0,10.0,11.0,13.0,14.0,15.0,14.0,14.0,16.0,17.0,17.0,19.0,23.0,24.0,24.0,25.0,30.0,30.0,30.0,30.0,37.0,32.0,ü,+5,,,,üü
232,24502,,p,1.0,1.0,1.0,2.0,2.0,2.0,3.0,2.0,3.0,3.0,3.0,3.0,4.0,5.0,4.0,4.0,5.0,6.0,6.0,7.0,7.0,6.0,7.0,7.0,7.0,6.0,7.0,9.0,9.0,10.0,12.0,14.0,14.0,14.0,13.0,15.0,15.0,15.0,18.0,21.0,22.0,22.0,22.0,27.0,27.0,27.0,27.0,33.0,28.0,ü,+2,,,,üü
233,24503,,p,0.0,0.0,0.0,0.0,0.0,0.0,0.0,0.0,0.0,0.0,0.0,1.0,1.0,1.0,1.0,1.0,1.0,1.0,1.0,1.0,1.0,1.0,1.0,1.0,1.0,1.0,1.0,1.0,1.0,1.0,1.0,1.0,1.0,1.0,1.0,1.0,2.0,1.0,2.0,2.0,2.0,2.0,2.0,3.0,3.0,3.0,3.0,4.0,4.0,ü,+29,,k,,ü
234,248,,p,1.0,1.0,2.0,2.0,3.0,4.0,5.0,7.0,7.0,8.0,9.0,11.0,12.0,13.0,17.0,18.0,19.0,24.0,20.0,20.0,18.0,20.0,22.0,24.0,27.0,27.0,28.0,27.0,27.0,25.0,23.0,30.0,36.0,36.0,35.0,32.0,33.0,37.0,37.0,37.0,32.0,29.0,28.0,28.0,29.0,29.0,28.0,33.0,32.0,üü,+10,,k,,üüü
235,251263,Bread,p,21.0,25.0,27.0,32.0,37.0,41.0,48.0,51.0,53.0,54.0,56.0,59.0,65.0,67.0,71.0,73.0,74.0,74.0,76.0,76.0,75.0,76.0,79.0,79.0,80.0,80.0,81.0,86.0,88.0,90.0,93.0,97.0,102.0,108.0,117.0,118.0,116.0,119.0,123.0,127.0,117.0,113.0,111.0,112.0,119.0,118.0,126.0,118.0,113.0,üüü,-4,,m,,üüü
236,cat850,,p,16.0,18.0,19.0,22.0,26.0,27.0,29.0,31.0,32.0,31.0,30.0,30.0,28.0,28.0,30.0,30.0,31.0,29.0,31.0,30.0,29.0,29.0,32.0,31.0,31.0,30.0,32.0,32.0,32.0,33.0,31.0,31.0,30.0,33.0,38.0,39.0,36.0,35.0,36.0,35.0,30.0,29.0,29.0,25.0,27.0,26.0,27.0,24.0,23.0,üü,-12,yes,m,,üüü
237,251,,p,5.0,6.0,6.0,9.0,9.0,10.0,10.0,11.0,10.0,10.0,9.0,8.0,10.0,10.0,10.0,12.0,11.0,7.0,7.0,7.0,8.0,7.0,6.0,6.0,5.0,5.0,6.0,5.0,5.0,4.0,7.0,5.0,5.0,4.0,5.0,4.0,4.0,4.0,4.0,4.0,4.0,4.0,4.0,3.0,3.0,3.0,3.0,2.0,2.0,ü,-17,,,,ü
238,252,,p,11.0,12.0,13.0,14.0,16.0,17.0,19.0,21.0,21.0,21.0,21.0,22.0,19.0,19.0,19.0,19.0,20.0,22.0,20.0,19.0,18.0,19.0,17.0,14.0,13.0,14.0,14.0,24.0,25.0,28.0,23.0,25.0,25.0,28.0,33.0,34.0,31.0,30.0,32.0,30.0,26.0,24.0,24.0,22.0,23.0,22.0,23.0,20.0,19.0,üü,-14,yes,m,,üüü
239,257,,p,,,,,,,,,,,,,,,,,,,3.0,3.0,2.0,2.0,7.0,10.0,11.0,10.0,11.0,3.0,2.0,1.0,1.0,1.0,0.0,0.0,0.0,0.0,0.0,0.0,0.0,0.0,0.0,0.0,0.0,0.0,0.0,0.0,0.0,0.0,1.0,û,+953,yes,k,,û
240,258,,p,,,,,,,,,,,,,,,,,,,2.0,2.0,1.0,1.0,1.0,1.0,1.0,1.0,1.0,0.0,0.0,0.0,0.0,0.0,0.0,0.0,0.0,0.0,0.0,0.0,0.0,0.0,0.0,1.0,0.0,0.0,1.0,1.0,1.0,1.0,1.0,,+6,,,,ü
241,cat851,,p,2.0,3.0,3.0,4.0,5.0,7.0,9.0,10.0,10.0,11.0,13.0,15.0,20.0,18.0,19.0,19.0,19.0,20.0,19.0,18.0,17.0,16.0,16.0,15.0,14.0,15.0,14.0,12.0,13.0,13.0,16.0,19.0,21.0,22.0,24.0,24.0,23.0,25.0,23.0,23.0,22.0,19.0,19.0,20.0,19.0,19.0,19.0,18.0,17.0,üü,-13,yes,m,,üüü
242,259,,p,2.0,2.0,3.0,3.0,4.0,5.0,7.0,6.0,6.0,6.0,7.0,8.0,8.0,8.0,9.0,9.0,9.0,10.0,9.0,9.0,8.0,8.0,7.0,7.0,7.0,7.0,6.0,3.0,4.0,4.0,4.0,4.0,4.0,5.0,6.0,6.0,6.0,6.0,6.0,5.0,4.0,4.0,4.0,4.0,4.0,4.0,4.0,4.0,4.0,ü,-0,,,,üü
243,260,,p,0.0,1.0,1.0,1.0,1.0,2.0,3.0,3.0,4.0,5.0,6.0,7.0,11.0,10.0,10.0,10.0,10.0,10.0,10.0,10.0,9.0,8.0,9.0,8.0,7.0,8.0,9.0,9.0,9.0,9.0,12.0,15.0,17.0,17.0,18.0,19.0,17.0,19.0,17.0,18.0,18.0,15.0,15.0,16.0,15.0,15.0,15.0,14.0,13.0,üü,-16,yes,m,,üüü
244,263,,p,3.0,4.0,5.0,6.0,6.0,7.0,9.0,10.0,11.0,12.0,13.0,14.0,17.0,20.0,22.0,24.0,25.0,25.0,25.0,27.0,28.0,31.0,31.0,32.0,35.0,35.0,34.0,41.0,43.0,43.0,45.0,47.0,51.0,53.0,55.0,54.0,58.0,59.0,64.0,69.0,65.0,65.0,64.0,66.0,72.0,73.0,81.0,76.0,73.0,üü,+0,,,,üüü
245,26302,,p,2.0,3.0,1.0,1.0,4.0,5.0,6.0,7.0,8.0,8.0,9.0,10.0,10.0,11.0,12.0,12.0,13.0,14.0,13.0,12.0,13.0,14.0,13.0,12.0,12.0,12.0,12.0,13.0,13.0,13.0,14.0,13.0,14.0,15.0,15.0,16.0,16.0,15.0,15.0,16.0,16.0,16.0,15.0,13.0,14.0,14.0,14.0,12.0,13.0,üü,-11,,m,,üüü
246,26303,,p,0.0,0.0,0.0,0.0,0.0,0.0,1.0,1.0,1.0,1.0,1.0,1.0,1.0,1.0,1.0,1.0,1.0,1.0,1.0,1.0,1.0,1.0,1.0,1.0,1.0,1.0,2.0,2.0,2.0,2.0,2.0,2.0,2.0,2.0,2.0,2.0,2.0,2.0,2.0,2.0,2.0,2.0,2.0,3.0,3.0,3.0,3.0,3.0,2.0,ü,-7,,,,ü
247,26304,,p,0.0,0.0,2.0,3.0,0.0,1.0,1.0,1.0,1.0,1.0,1.0,1.0,1.0,1.0,2.0,2.0,2.0,2.0,3.0,3.0,3.0,4.0,4.0,5.0,5.0,5.0,5.0,5.0,5.0,4.0,4.0,5.0,5.0,5.0,5.0,5.0,6.0,6.0,6.0,6.0,6.0,6.0,6.0,6.0,6.0,6.0,8.0,7.0,6.0,ü,+6,,,,üü
248,26305,,p,0.0,0.0,0.0,0.0,0.0,0.0,0.0,0.0,0.0,0.0,0.0,0.0,0.0,0.0,0.0,1.0,1.0,1.0,1.0,1.0,1.0,1.0,1.0,1.0,1.0,1.0,1.0,1.0,1.0,1.0,1.0,1.0,1.0,1.0,2.0,2.0,1.0,2.0,1.0,1.0,1.0,1.0,1.0,1.0,1.0,1.0,1.0,0.0,1.0,,+8,,,,ü
249,26308,,p,0.0,0.0,0.0,0.0,1.0,1.0,1.0,1.0,1.0,1.0,1.0,2.0,3.0,4.0,4.0,5.0,5.0,5.0,4.0,5.0,5.0,6.0,7.0,8.0,9.0,9.0,9.0,10.0,11.0,11.0,12.0,13.0,14.0,15.0,16.0,15.0,16.0,19.0,22.0,24.0,21.0,21.0,20.0,22.0,25.0,25.0,27.0,32.0,28.0,üü,+12,yes,k,,üüü
250,26309,,p,0.0,0.0,0.0,0.0,0.0,0.0,0.0,0.0,0.0,0.0,0.0,1.0,1.0,1.0,2.0,2.0,2.0,2.0,2.0,3.0,3.0,3.0,3.0,4.0,5.0,5.0,4.0,6.0,6.0,6.0,7.0,7.0,7.0,8.0,8.0,8.0,9.0,9.0,9.0,11.0,10.0,11.0,12.0,12.0,14.0,13.0,15.0,11.0,15.0,ü,+11,,,,üü
251,26310,,p,0.0,0.0,0.0,0.0,0.0,0.0,0.0,0.0,0.0,0.0,0.0,0.0,0.0,1.0,1.0,1.0,1.0,1.0,1.0,1.0,1.0,1.0,1.0,2.0,2.0,2.0,2.0,3.0,2.0,3.0,3.0,3.0,3.0,3.0,4.0,3.0,4.0,3.0,4.0,4.0,5.0,4.0,4.0,4.0,5.0,7.0,8.0,7.0,6.0,,-23,,,,ü
252,26311,,p,,,,,,,,,,,,,,,,,,,,,,,,,,,,3.0,3.0,3.0,3.0,3.0,3.0,3.0,3.0,3.0,4.0,3.0,4.0,4.0,4.0,4.0,4.0,5.0,4.0,5.0,5.0,5.0,3.0,,-27,yes,,,ü
253,26401,,p,2.0,2.0,3.0,4.0,4.0,4.0,4.0,4.0,4.0,4.0,4.0,3.0,4.0,4.0,4.0,4.0,4.0,4.0,4.0,4.0,3.0,2.0,3.0,2.0,2.0,2.0,3.0,2.0,3.0,2.0,3.0,3.0,3.0,3.0,4.0,4.0,4.0,6.0,5.0,5.0,4.0,5.0,5.0,5.0,6.0,4.0,4.0,8.0,5.0,,+31,,k,,ü
254,267270,,p,12.0,14.0,14.0,16.0,18.0,21.0,23.0,25.0,27.0,28.0,29.0,31.0,33.0,35.0,37.0,39.0,42.0,44.0,45.0,47.0,50.0,51.0,56.0,59.0,57.0,57.0,59.0,54.0,57.0,57.0,60.0,61.0,60.0,60.0,63.0,64.0,63.0,64.0,70.0,69.0,70.0,72.0,70.0,73.0,77.0,78.0,82.0,83.0,94.0,ü,+20,yes,k,,üü
255,267,,p,11.0,12.0,12.0,14.0,15.0,18.0,20.0,22.0,23.0,24.0,25.0,26.0,27.0,30.0,31.0,32.0,35.0,35.0,36.0,39.0,41.0,43.0,45.0,48.0,47.0,47.0,48.0,46.0,47.0,47.0,49.0,50.0,49.0,49.0,51.0,51.0,50.0,51.0,56.0,53.0,54.0,55.0,17.0,16.0,18.0,17.0,20.0,20.0,73.0,ü,+325,yes,k,,ü
256,270,,p,11.0,12.0,12.0,14.0,15.0,18.0,20.0,22.0,23.0,24.0,25.0,26.0,27.0,30.0,31.0,32.0,35.0,35.0,36.0,39.0,41.0,43.0,45.0,48.0,47.0,47.0,48.0,45.0,46.0,46.0,48.0,49.0,48.0,48.0,50.0,50.0,48.0,50.0,54.0,52.0,52.0,53.0,53.0,56.0,59.0,61.0,62.0,63.0,70.0,,+14,,,,üü
257,27001,,p,,,,,,,,,,,,,,,,,,,,,,,,,,,,1.0,1.0,1.0,1.0,1.0,1.0,1.0,1.0,1.0,1.0,1.0,1.0,1.0,1.0,2.0,51.0,55.0,58.0,58.0,59.0,60.0,3.0,,-94,yes,m,,üüü
258,27002,,p,2.0,2.0,2.0,3.0,3.0,3.0,3.0,4.0,4.0,4.0,4.0,5.0,5.0,5.0,6.0,7.0,7.0,8.0,9.0,9.0,9.0,8.0,11.0,11.0,10.0,10.0,11.0,8.0,9.0,10.0,12.0,11.0,11.0,11.0,12.0,13.0,13.0,13.0,14.0,16.0,16.0,17.0,2.0,2.0,2.0,3.0,3.0,3.0,21.0,üü,+559,yes,k,,üü
259,271277,,p,12.0,15.0,16.0,19.0,21.0,24.0,27.0,28.0,30.0,31.0,31.0,32.0,34.0,36.0,38.0,40.0,42.0,44.0,46.0,46.0,45.0,46.0,53.0,51.0,50.0,49.0,52.0,49.0,54.0,51.0,54.0,54.0,56.0,56.0,64.0,66.0,67.0,71.0,74.0,76.0,76.0,75.0,76.0,77.0,77.0,77.0,84.0,84.0,84.0,üüü,+9,yes,k,,üüü
260,27101,,p,4.0,4.0,5.0,5.0,7.0,8.0,9.0,10.0,11.0,12.0,12.0,13.0,13.0,15.0,16.0,17.0,17.0,18.0,19.0,20.0,20.0,20.0,24.0,23.0,23.0,22.0,23.0,22.0,24.0,21.0,20.0,20.0,20.0,19.0,22.0,24.0,24.0,25.0,25.0,25.0,26.0,25.0,4.0,4.0,4.0,4.0,4.0,4.0,32.0,üü,+615,yes,k,,üü
261,274,,p,7.0,10.0,11.0,13.0,13.0,15.0,17.0,17.0,18.0,17.0,18.0,18.0,20.0,20.0,20.0,21.0,23.0,24.0,25.0,24.0,23.0,23.0,27.0,26.0,25.0,24.0,26.0,25.0,28.0,28.0,31.0,31.0,33.0,35.0,39.0,39.0,40.0,42.0,46.0,46.0,46.0,45.0,45.0,44.0,44.0,44.0,49.0,46.0,49.0,üü,+11,yes,,,üüü
262,27402,,p,6.0,8.0,9.0,10.0,11.0,12.0,14.0,14.0,15.0,14.0,15.0,15.0,16.0,16.0,17.0,17.0,19.0,20.0,20.0,20.0,19.0,19.0,22.0,22.0,21.0,20.0,22.0,21.0,24.0,23.0,26.0,27.0,28.0,30.0,35.0,34.0,35.0,37.0,40.0,40.0,39.0,38.0,38.0,37.0,37.0,36.0,40.0,37.0,40.0,üü,+11,yes,,,üüü
263,27403,,p,1.0,2.0,2.0,3.0,2.0,3.0,3.0,3.0,3.0,3.0,3.0,3.0,4.0,4.0,4.0,4.0,4.0,4.0,4.0,4.0,4.0,4.0,5.0,4.0,4.0,4.0,4.0,5.0,4.0,5.0,5.0,5.0,5.0,5.0,5.0,5.0,5.0,6.0,6.0,6.0,6.0,7.0,7.0,7.0,8.0,8.0,9.0,9.0,9.0,ü,+7,,,,üü
264,277,,p,1.0,1.0,1.0,1.0,1.0,1.0,1.0,2.0,1.0,1.0,1.0,1.0,1.0,1.0,1.0,2.0,2.0,2.0,2.0,2.0,2.0,2.0,2.0,2.0,2.0,2.0,3.0,2.0,2.0,2.0,2.0,3.0,3.0,3.0,3.0,3.0,3.0,4.0,4.0,5.0,4.0,4.0,27.0,29.0,29.0,29.0,31.0,34.0,4.0,ü,-88,yes,m,,üüü
265,281301,,p,11.0,13.0,15.0,18.0,21.0,25.0,30.0,34.0,36.0,38.0,42.0,46.0,53.0,58.0,64.0,72.0,80.0,92.0,100.0,97.0,98.0,118.0,125.0,130.0,130.0,136.0,142.0,166.0,165.0,167.0,166.0,173.0,178.0,182.0,191.0,201.0,211.0,214.0,225.0,229.0,231.0,237.0,240.0,243.0,248.0,259.0,270.0,274.0,247.0,üüü,-4,,,,üüü
266,281,,p,0.0,0.0,0.0,1.0,1.0,1.0,1.0,1.0,1.0,1.0,1.0,2.0,2.0,2.0,3.0,2.0,2.0,3.0,2.0,1.0,1.0,1.0,1.0,2.0,1.0,2.0,2.0,2.0,2.0,2.0,2.0,3.0,3.0,3.0,4.0,4.0,4.0,4.0,5.0,5.0,5.0,5.0,4.0,5.0,5.0,5.0,5.0,5.0,5.0,ü,+6,,,,üü
267,282,,p,4.0,5.0,5.0,6.0,7.0,8.0,10.0,11.0,12.0,13.0,15.0,16.0,18.0,20.0,21.0,23.0,25.0,28.0,30.0,30.0,32.0,32.0,34.0,34.0,34.0,34.0,35.0,35.0,36.0,37.0,37.0,39.0,39.0,39.0,40.0,43.0,43.0,44.0,44.0,47.0,46.0,43.0,42.0,40.0,41.0,41.0,45.0,44.0,42.0,üü,+2,,,,üüü
268,28202,,p,0.0,0.0,1.0,1.0,1.0,1.0,1.0,1.0,1.0,1.0,2.0,2.0,2.0,2.0,2.0,2.0,3.0,3.0,3.0,3.0,3.0,3.0,2.0,3.0,2.0,3.0,4.0,4.0,4.0,4.0,4.0,5.0,4.0,5.0,4.0,5.0,5.0,6.0,5.0,6.0,6.0,7.0,7.0,6.0,7.0,7.0,8.0,8.0,7.0,ü,+4,,,,üü
269,28203,,p,1.0,2.0,2.0,2.0,3.0,3.0,4.0,4.0,4.0,5.0,6.0,6.0,7.0,8.0,8.0,9.0,10.0,11.0,11.0,11.0,12.0,12.0,13.0,13.0,14.0,12.0,12.0,14.0,14.0,15.0,15.0,16.0,16.0,16.0,16.0,17.0,17.0,17.0,16.0,17.0,17.0,16.0,16.0,15.0,15.0,14.0,16.0,15.0,15.0,ü,+4,,,,üü
270,28204,,p,1.0,1.0,1.0,2.0,2.0,2.0,2.0,3.0,3.0,3.0,4.0,4.0,5.0,5.0,5.0,6.0,6.0,7.0,8.0,7.0,9.0,9.0,9.0,9.0,9.0,12.0,12.0,11.0,11.0,11.0,11.0,10.0,10.0,10.0,11.0,13.0,11.0,12.0,11.0,12.0,13.0,12.0,11.0,12.0,12.0,12.0,13.0,12.0,12.0,ü,-6,,,,üü
271,28205,,p,1.0,1.0,1.0,2.0,2.0,2.0,3.0,3.0,3.0,4.0,4.0,4.0,5.0,5.0,6.0,6.0,7.0,8.0,8.0,8.0,8.0,8.0,10.0,8.0,9.0,7.0,7.0,7.0,7.0,8.0,7.0,8.0,9.0,8.0,9.0,9.0,9.0,11.0,11.0,12.0,10.0,8.0,8.0,7.0,7.0,7.0,8.0,9.0,8.0,ü,+8,,,,üü
272,285,,p,1.0,1.0,2.0,2.0,1.0,2.0,2.0,2.0,2.0,2.0,2.0,2.0,2.0,2.0,2.0,3.0,3.0,3.0,3.0,3.0,4.0,4.0,4.0,4.0,4.0,4.0,4.0,3.0,3.0,3.0,3.0,4.0,4.0,4.0,4.0,4.0,4.0,4.0,4.0,4.0,4.0,4.0,4.0,4.0,5.0,4.0,4.0,5.0,5.0,ü,+22,,,,üü
273,28502,,p,1.0,1.0,1.0,1.0,1.0,1.0,1.0,1.0,1.0,1.0,1.0,1.0,1.0,1.0,1.0,1.0,1.0,2.0,2.0,2.0,2.0,2.0,2.0,2.0,2.0,2.0,2.0,2.0,2.0,2.0,2.0,2.0,2.0,2.0,3.0,3.0,3.0,3.0,3.0,3.0,3.0,3.0,3.0,3.0,3.0,2.0,3.0,3.0,3.0,ü,+25,,k,,üü
274,28503,,p,1.0,1.0,1.0,1.0,1.0,1.0,1.0,1.0,1.0,1.0,1.0,1.0,1.0,1.0,1.0,1.0,1.0,2.0,2.0,2.0,2.0,2.0,2.0,2.0,2.0,2.0,2.0,1.0,2.0,1.0,1.0,1.0,1.0,1.0,2.0,2.0,2.0,2.0,1.0,1.0,1.0,1.0,1.0,1.0,2.0,1.0,2.0,1.0,1.0,,+17,,,,ü
275,286,,p,1.0,1.0,1.0,1.0,1.0,1.0,1.0,1.0,1.0,1.0,1.0,1.0,2.0,2.0,2.0,2.0,2.0,3.0,2.0,2.0,2.0,3.0,3.0,3.0,3.0,3.0,3.0,4.0,4.0,4.0,5.0,5.0,4.0,5.0,5.0,6.0,6.0,6.0,5.0,5.0,5.0,5.0,5.0,5.0,6.0,5.0,5.0,5.0,6.0,ü,+20,,,,ü
276,287,,p,1.0,1.0,1.0,1.0,1.0,1.0,2.0,2.0,2.0,2.0,2.0,2.0,3.0,4.0,3.0,4.0,4.0,5.0,6.0,6.0,6.0,12.0,16.0,16.0,15.0,16.0,15.0,22.0,22.0,22.0,23.0,23.0,24.0,25.0,27.0,29.0,28.0,28.0,30.0,31.0,32.0,32.0,32.0,31.0,29.0,32.0,34.0,28.0,23.0,ü,-27,yes,m,,üü
277,28702,,p,0.0,0.0,0.0,1.0,1.0,1.0,1.0,1.0,1.0,1.0,1.0,1.0,1.0,2.0,2.0,2.0,2.0,3.0,3.0,3.0,3.0,7.0,9.0,9.0,7.0,8.0,8.0,7.0,8.0,8.0,8.0,8.0,9.0,8.0,11.0,11.0,10.0,11.0,11.0,11.0,11.0,12.0,12.0,8.0,10.0,11.0,11.0,11.0,8.0,ü,-30,yes,m,,ü
278,28703,,p,0.0,0.0,0.0,0.0,0.0,0.0,0.0,0.0,0.0,0.0,0.0,0.0,0.0,0.0,0.0,0.0,0.0,0.0,0.0,0.0,0.0,1.0,1.0,1.0,1.0,1.0,1.0,2.0,1.0,2.0,2.0,2.0,2.0,3.0,4.0,5.0,5.0,5.0,6.0,6.0,7.0,7.0,7.0,9.0,8.0,7.0,9.0,8.0,8.0,ü,+1,,,,üü
279,28704,,p,0.0,0.0,0.0,0.0,0.0,1.0,1.0,1.0,1.0,1.0,1.0,1.0,1.0,2.0,1.0,2.0,2.0,2.0,3.0,2.0,2.0,5.0,6.0,7.0,7.0,7.0,6.0,13.0,12.0,13.0,13.0,13.0,13.0,13.0,12.0,13.0,13.0,12.0,14.0,14.0,14.0,13.0,14.0,14.0,12.0,13.0,14.0,9.0,8.0,ü,-40,yes,m,,üü
280,290,,p,0.0,0.0,0.0,0.0,0.0,0.0,0.0,0.0,0.0,0.0,0.0,0.0,0.0,0.0,0.0,0.0,0.0,0.0,1.0,0.0,0.0,0.0,0.0,0.0,0.0,0.0,0.0,1.0,2.0,3.0,2.0,2.0,4.0,2.0,3.0,5.0,4.0,6.0,6.0,7.0,6.0,6.0,7.0,6.0,8.0,11.0,11.0,9.0,15.0,,+38,,,, 
281,291,,p,0.0,0.0,1.0,1.0,1.0,1.0,1.0,1.0,1.0,1.0,2.0,2.0,2.0,2.0,2.0,2.0,2.0,2.0,2.0,2.0,2.0,2.0,1.0,3.0,2.0,1.0,2.0,1.0,1.0,1.0,1.0,1.0,1.0,1.0,1.0,1.0,1.0,1.0,1.0,2.0,1.0,1.0,1.0,2.0,2.0,2.0,2.0,2.0,2.0,,-12,,,, 
282,294,,p,0.0,0.0,1.0,1.0,1.0,1.0,2.0,3.0,3.0,2.0,3.0,3.0,3.0,3.0,4.0,5.0,6.0,6.0,7.0,8.0,8.0,8.0,7.0,6.0,6.0,6.0,6.0,4.0,4.0,4.0,3.0,3.0,3.0,3.0,4.0,4.0,3.0,3.0,4.0,3.0,4.0,3.0,3.0,3.0,3.0,3.0,3.0,4.0,3.0,,-2,,,,ü
283,295,,p,1.0,1.0,1.0,1.0,1.0,2.0,2.0,2.0,2.0,2.0,2.0,2.0,2.0,2.0,2.0,3.0,3.0,3.0,3.0,3.0,3.0,3.0,4.0,3.0,9.0,11.0,12.0,15.0,15.0,14.0,14.0,14.0,14.0,15.0,17.0,19.0,20.0,19.0,20.0,20.0,19.0,18.0,18.0,19.0,21.0,22.0,20.0,25.0,20.0,üü,-7,,,,üü
284,29501,,p,1.0,1.0,1.0,1.0,1.0,2.0,2.0,2.0,2.0,2.0,2.0,2.0,2.0,2.0,2.0,3.0,3.0,3.0,3.0,3.0,3.0,3.0,4.0,3.0,3.0,3.0,3.0,3.0,3.0,3.0,3.0,3.0,3.0,3.0,3.0,3.0,3.0,3.0,3.0,3.0,2.0,2.0,2.0,2.0,3.0,2.0,2.0,3.0,2.0,,-18,,,,ü
285,29502,,p,,,,,,,,,,,,,,,,,,,,,,,,,6.0,8.0,9.0,11.0,11.0,10.0,11.0,10.0,10.0,11.0,13.0,14.0,15.0,15.0,16.0,16.0,15.0,14.0,15.0,15.0,16.0,17.0,16.0,19.0,16.0,üü,-5,,,,üüü
286,29503,,p,,,,,,,,,,,,,,,,,,,,,,,,,,,,1.0,1.0,1.0,1.0,1.0,1.0,1.0,1.0,1.0,1.0,1.0,1.0,1.0,1.0,1.0,1.0,2.0,2.0,2.0,2.0,4.0,2.0,û,-16,,,, 
287,296,,p,0.0,0.0,0.0,0.0,0.0,0.0,0.0,1.0,1.0,3.0,3.0,4.0,5.0,6.0,8.0,10.0,14.0,14.0,17.0,19.0,19.0,28.0,27.0,29.0,31.0,35.0,34.0,44.0,41.0,43.0,43.0,47.0,46.0,51.0,49.0,47.0,54.0,55.0,61.0,57.0,57.0,66.0,68.0,71.0,71.0,76.0,77.0,75.0,61.0,üü,-19,yes,m,,üü
288,29601,,p,0.0,0.0,0.0,0.0,0.0,0.0,0.0,0.0,0.0,3.0,3.0,3.0,4.0,5.0,6.0,8.0,10.0,11.0,12.0,14.0,13.0,16.0,18.0,20.0,20.0,21.0,19.0,22.0,21.0,21.0,22.0,23.0,23.0,23.0,24.0,25.0,26.0,26.0,28.0,29.0,28.0,31.0,30.0,31.0,35.0,35.0,34.0,38.0,36.0,üü,+2,,,,üüü
289,29602,,p,0.0,0.0,0.0,0.0,0.0,0.0,0.0,0.0,0.0,0.0,0.0,0.0,1.0,1.0,2.0,2.0,4.0,4.0,5.0,6.0,5.0,12.0,9.0,10.0,11.0,14.0,14.0,23.0,20.0,22.0,22.0,24.0,23.0,28.0,25.0,21.0,28.0,29.0,33.0,27.0,29.0,35.0,38.0,40.0,36.0,41.0,43.0,37.0,26.0,ü,-37,yes,m,,ü
290,299,,p,2.0,3.0,4.0,5.0,6.0,7.0,9.0,11.0,12.0,8.0,9.0,10.0,12.0,12.0,13.0,16.0,17.0,22.0,24.0,19.0,20.0,22.0,24.0,26.0,24.0,24.0,28.0,33.0,35.0,33.0,31.0,32.0,34.0,33.0,35.0,38.0,42.0,41.0,43.0,47.0,50.0,52.0,51.0,52.0,56.0,56.0,60.0,70.0,63.0,üü,+13,yes,k,,üüü
291,29907,,p,0.0,1.0,1.0,1.0,1.0,1.0,2.0,2.0,2.0,2.0,2.0,2.0,2.0,2.0,2.0,2.0,2.0,2.0,2.0,2.0,2.0,2.0,2.0,2.0,2.0,1.0,1.0,3.0,3.0,2.0,2.0,2.0,2.0,2.0,2.0,2.0,2.0,2.0,2.0,2.0,2.0,2.0,2.0,2.0,3.0,3.0,2.0,3.0,2.0,,-5,,,,ü
292,29909,,p,1.0,1.0,1.0,1.0,1.0,1.0,1.0,1.0,2.0,1.0,2.0,2.0,3.0,3.0,3.0,4.0,4.0,6.0,6.0,5.0,6.0,7.0,6.0,7.0,8.0,7.0,8.0,11.0,12.0,10.0,9.0,9.0,9.0,9.0,10.0,12.0,13.0,13.0,14.0,16.0,17.0,17.0,17.0,16.0,18.0,18.0,20.0,23.0,21.0,üü,+17,yes,k,,üüü
293,29915,,p,0.0,0.0,0.0,0.0,0.0,0.0,1.0,1.0,1.0,1.0,1.0,1.0,1.0,1.0,1.0,2.0,2.0,2.0,2.0,2.0,2.0,2.0,3.0,3.0,3.0,3.0,4.0,5.0,5.0,5.0,6.0,5.0,5.0,5.0,5.0,5.0,5.0,5.0,5.0,6.0,5.0,6.0,5.0,5.0,7.0,6.0,6.0,7.0,7.0,ü,+19,,,,üü
294,29916,,p,0.0,0.0,0.0,0.0,0.0,0.0,0.0,0.0,0.0,0.0,0.0,0.0,0.0,0.0,0.0,0.0,0.0,1.0,1.0,1.0,1.0,1.0,1.0,1.0,1.0,1.0,1.0,2.0,1.0,2.0,2.0,2.0,2.0,2.0,1.0,1.0,2.0,2.0,2.0,2.0,2.0,2.0,2.0,2.0,2.0,2.0,2.0,2.0,1.0,,-39,yes,m,,ü
295,29919,,p,1.0,2.0,2.0,3.0,3.0,4.0,6.0,7.0,7.0,3.0,4.0,5.0,6.0,6.0,7.0,8.0,9.0,12.0,13.0,10.0,10.0,11.0,13.0,13.0,11.0,12.0,14.0,14.0,13.0,14.0,13.0,14.0,16.0,15.0,17.0,18.0,21.0,19.0,20.0,21.0,24.0,25.0,25.0,27.0,27.0,28.0,29.0,34.0,32.0,üü,+14,yes,k,,üüü
296,301,,p,0.0,0.0,0.0,0.0,0.0,1.0,1.0,1.0,1.0,1.0,1.0,1.0,2.0,2.0,2.0,2.0,2.0,2.0,3.0,3.0,3.0,3.0,4.0,5.0,1.0,1.0,1.0,1.0,1.0,1.0,1.0,1.0,2.0,2.0,2.0,2.0,2.0,2.0,2.0,2.0,3.0,2.0,3.0,3.0,3.0,3.0,3.0,2.0,3.0,,-2,,,,ü
297,304313,,p,12.0,13.0,17.0,27.0,29.0,30.0,32.0,31.0,31.0,37.0,43.0,47.0,50.0,48.0,49.0,50.0,50.0,53.0,50.0,49.0,50.0,51.0,53.0,51.0,56.0,49.0,50.0,44.0,42.0,41.0,42.0,41.0,42.0,43.0,44.0,48.0,51.0,51.0,56.0,54.0,56.0,59.0,59.0,59.0,59.0,62.0,67.0,74.0,72.0,üü,+17,yes,k,,üüü
298,304,,p,6.0,6.0,7.0,14.0,13.0,13.0,13.0,14.0,14.0,17.0,20.0,21.0,19.0,19.0,19.0,19.0,21.0,23.0,21.0,19.0,20.0,19.0,19.0,19.0,21.0,19.0,19.0,18.0,18.0,16.0,16.0,16.0,16.0,16.0,16.0,18.0,19.0,18.0,18.0,18.0,17.0,16.0,16.0,17.0,14.0,15.0,17.0,17.0,16.0,ü,+9,,,,üü
299,307,,p,0.0,1.0,1.0,1.0,1.0,1.0,2.0,2.0,2.0,2.0,2.0,3.0,3.0,3.0,3.0,3.0,3.0,2.0,3.0,3.0,3.0,4.0,4.0,4.0,4.0,5.0,4.0,3.0,3.0,4.0,3.0,3.0,3.0,4.0,4.0,4.0,5.0,5.0,8.0,7.0,12.0,13.0,13.0,14.0,16.0,17.0,22.0,24.0,25.0,ü,+43,yes,k,,üü
300,308,,p,4.0,5.0,6.0,9.0,11.0,12.0,13.0,12.0,12.0,14.0,17.0,19.0,22.0,21.0,21.0,21.0,19.0,20.0,18.0,19.0,21.0,21.0,22.0,20.0,24.0,17.0,19.0,19.0,17.0,17.0,18.0,17.0,18.0,18.0,20.0,22.0,21.0,22.0,24.0,24.0,22.0,24.0,24.0,22.0,25.0,25.0,22.0,25.0,24.0,ü,-1,,,,üü
301,309,,p,0.0,0.0,0.0,0.0,0.0,0.0,0.0,0.0,0.0,0.0,0.0,0.0,0.0,0.0,0.0,0.0,0.0,0.0,0.0,0.0,0.0,0.0,0.0,0.0,0.0,0.0,0.0,0.0,0.0,0.0,0.0,0.0,0.0,0.0,0.0,0.0,0.0,0.0,0.0,0.0,0.0,0.0,0.0,0.0,0.0,0.0,0.0,0.0,1.0,û,"+2,041",,,,û
302,310,,p,,,,,,,,,,,,,,,,,,,,,,,,,,,,,0.0,0.0,0.0,0.0,0.0,0.0,0.0,0.0,0.0,0.0,0.0,1.0,1.0,1.0,1.0,1.0,1.0,1.0,1.0,2.0,1.0,û,-5,,,, 
303,312,,p,1.0,1.0,1.0,1.0,2.0,2.0,2.0,2.0,2.0,2.0,2.0,2.0,3.0,3.0,4.0,3.0,4.0,3.0,3.0,2.0,2.0,2.0,3.0,3.0,4.0,4.0,4.0,3.0,2.0,2.0,2.0,3.0,3.0,3.0,3.0,3.0,3.0,3.0,4.0,4.0,3.0,4.0,4.0,4.0,2.0,3.0,5.0,5.0,5.0,,+59,yes,k,,ü
304,313,,p,1.0,1.0,1.0,1.0,1.0,2.0,1.0,1.0,1.0,1.0,1.0,2.0,2.0,2.0,2.0,3.0,3.0,5.0,6.0,6.0,5.0,5.0,5.0,5.0,3.0,4.0,3.0,2.0,1.0,2.0,2.0,2.0,1.0,1.0,1.0,1.0,1.0,1.0,1.0,1.0,1.0,1.0,1.0,1.0,1.0,1.0,1.0,1.0,1.0,û,-25,,,, 
305,314339,,p,12.0,15.0,17.0,20.0,21.0,24.0,28.0,32.0,33.0,37.0,39.0,41.0,45.0,47.0,51.0,56.0,61.0,69.0,75.0,76.0,78.0,82.0,88.0,94.0,96.0,96.0,105.0,113.0,116.0,118.0,123.0,124.0,128.0,130.0,135.0,144.0,144.0,148.0,159.0,162.0,159.0,157.0,158.0,164.0,167.0,181.0,182.0,211.0,187.0,üüü,+3,,k,,üüü
306,314,,p,,,,,,,,,,0.0,0.0,1.0,1.0,1.0,1.0,3.0,3.0,4.0,6.0,5.0,5.0,6.0,6.0,7.0,8.0,8.0,8.0,8.0,8.0,9.0,10.0,10.0,12.0,10.0,9.0,9.0,10.0,10.0,12.0,12.0,14.0,14.0,14.0,15.0,16.0,18.0,15.0,13.0,15.0,ü,-16,yes,m,,üü
307,315,,p,1.0,1.0,1.0,1.0,1.0,1.0,1.0,1.0,1.0,1.0,2.0,2.0,2.0,2.0,2.0,2.0,3.0,2.0,2.0,2.0,2.0,2.0,2.0,3.0,3.0,3.0,3.0,3.0,3.0,3.0,2.0,3.0,3.0,4.0,3.0,5.0,4.0,4.0,5.0,5.0,5.0,4.0,5.0,3.0,4.0,5.0,4.0,2.0,3.0,û,-31,,,, 
308,318,,p,2.0,3.0,3.0,3.0,3.0,4.0,4.0,5.0,5.0,5.0,5.0,5.0,5.0,6.0,6.0,6.0,6.0,7.0,7.0,7.0,8.0,7.0,9.0,9.0,10.0,9.0,10.0,10.0,11.0,11.0,12.0,12.0,12.0,12.0,13.0,14.0,14.0,15.0,17.0,16.0,14.0,14.0,15.0,13.0,16.0,14.0,15.0,16.0,13.0,ü,-10,,,,üü
309,319,,p,0.0,1.0,1.0,1.0,1.0,1.0,1.0,1.0,2.0,2.0,2.0,2.0,2.0,2.0,2.0,3.0,2.0,3.0,2.0,3.0,2.0,2.0,2.0,2.0,2.0,2.0,2.0,2.0,2.0,2.0,3.0,2.0,2.0,2.0,2.0,2.0,3.0,3.0,3.0,3.0,3.0,2.0,2.0,2.0,2.0,2.0,2.0,2.0,2.0,û,+17,,,,ü
310,320,,p,,,,,,,,,,,,,,,,,,,,,,,,,,,,0.0,0.0,0.0,0.0,1.0,1.0,1.0,0.0,0.0,1.0,0.0,0.0,1.0,0.0,0.0,1.0,1.0,1.0,0.0,0.0,0.0,0.0,û,-25,,,,û
311,321,,p,,,,,,,,,,,,,,,,,,,,,,,,,,,,0.0,0.0,0.0,0.0,0.0,0.0,0.0,0.0,0.0,0.0,0.0,0.0,0.0,0.0,0.0,0.0,0.0,0.0,0.0,0.0,0.0,20.0,üü,"+4,400",yes,k,,üü
312,322,,p,,,,,,,,,,,,,,,,,,,,,,,,,,,,0.0,1.0,2.0,1.0,1.0,1.0,1.0,1.0,0.0,1.0,1.0,1.0,0.0,0.0,,,,,,,,16.0,,,,,,
313,323,,p,1.0,1.0,1.0,1.0,1.0,1.0,1.0,2.0,2.0,2.0,2.0,2.0,3.0,3.0,3.0,3.0,4.0,4.0,4.0,5.0,5.0,5.0,6.0,6.0,6.0,7.0,8.0,10.0,11.0,11.0,13.0,13.0,13.0,14.0,15.0,16.0,16.0,17.0,18.0,20.0,18.0,18.0,18.0,17.0,18.0,21.0,20.0,23.0,5.0,ü,-77,yes,m,,üü
314,32302,,p,0.0,1.0,1.0,1.0,1.0,1.0,1.0,1.0,2.0,2.0,2.0,2.0,3.0,2.0,3.0,3.0,3.0,3.0,4.0,4.0,4.0,4.0,5.0,5.0,6.0,6.0,7.0,9.0,10.0,10.0,11.0,11.0,11.0,12.0,12.0,13.0,13.0,14.0,14.0,15.0,14.0,14.0,14.0,12.0,13.0,15.0,15.0,15.0,47.0,üü,+212,yes,k,,üüü
315,32303,,p,0.0,0.0,0.0,0.0,0.0,0.0,0.0,0.0,0.0,0.0,0.0,0.0,0.0,0.0,0.0,0.0,1.0,1.0,1.0,1.0,1.0,1.0,1.0,1.0,1.0,1.0,1.0,1.0,1.0,1.0,2.0,2.0,2.0,2.0,2.0,3.0,3.0,3.0,4.0,5.0,5.0,5.0,5.0,5.0,5.0,7.0,5.0,8.0,3.0,ü,-50,yes,m,,ü
316,327,,p,2.0,3.0,3.0,4.0,4.0,5.0,6.0,7.0,7.0,8.0,8.0,8.0,9.0,9.0,11.0,12.0,13.0,15.0,17.0,20.0,19.0,21.0,23.0,26.0,28.0,28.0,32.0,32.0,32.0,32.0,33.0,33.0,35.0,36.0,36.0,40.0,40.0,41.0,42.0,44.0,43.0,41.0,40.0,43.0,41.0,43.0,44.0,52.0,42.0,üü,-3,,,,üüü
317,32702,,p,0.0,0.0,0.0,0.0,1.0,1.0,1.0,1.0,1.0,1.0,1.0,1.0,1.0,1.0,1.0,1.0,2.0,2.0,2.0,2.0,2.0,3.0,3.0,3.0,3.0,3.0,4.0,4.0,4.0,3.0,3.0,2.0,3.0,3.0,3.0,3.0,3.0,3.0,3.0,3.0,3.0,3.0,3.0,4.0,3.0,3.0,3.0,4.0,2.0,,-46,yes,m,,ü
318,32703,,p,2.0,3.0,3.0,3.0,4.0,4.0,5.0,6.0,6.0,7.0,7.0,7.0,8.0,8.0,9.0,10.0,11.0,13.0,15.0,16.0,16.0,17.0,19.0,22.0,24.0,23.0,27.0,27.0,27.0,27.0,29.0,29.0,30.0,32.0,32.0,36.0,36.0,36.0,38.0,39.0,38.0,37.0,36.0,38.0,35.0,37.0,38.0,45.0,4.0,ü,-88,yes,m,,üüü
319,32704,,p,0.0,0.0,0.0,0.0,0.0,0.0,0.0,0.0,0.0,0.0,0.0,0.0,0.0,0.0,0.0,0.0,1.0,1.0,1.0,1.0,1.0,1.0,1.0,1.0,1.0,1.0,1.0,1.0,1.0,1.0,1.0,1.0,2.0,1.0,1.0,2.0,1.0,1.0,2.0,2.0,2.0,2.0,2.0,2.0,2.0,2.0,3.0,2.0,3.0,,+18,,,,ü
320,328,,p,1.0,1.0,1.0,2.0,2.0,2.0,2.0,3.0,2.0,3.0,3.0,3.0,3.0,3.0,4.0,3.0,4.0,4.0,4.0,4.0,3.0,3.0,4.0,4.0,4.0,4.0,4.0,4.0,4.0,4.0,4.0,4.0,4.0,4.0,4.0,5.0,5.0,5.0,6.0,6.0,5.0,6.0,5.0,5.0,4.0,4.0,5.0,5.0,15.0,ü,+234,yes,k,,üü
321,329,,p,1.0,1.0,1.0,1.0,1.0,1.0,1.0,1.0,1.0,1.0,1.0,1.0,1.0,1.0,1.0,1.0,1.0,1.0,1.0,1.0,1.0,1.0,1.0,1.0,1.0,1.0,1.0,1.0,1.0,1.0,1.0,1.0,1.0,1.0,2.0,1.0,2.0,2.0,2.0,2.0,2.0,2.0,2.0,2.0,3.0,2.0,2.0,3.0,24.0,ü,"+1,124",yes,k,,üü
322,332,,p,1.0,1.0,2.0,2.0,3.0,3.0,4.0,4.0,5.0,5.0,5.0,5.0,6.0,6.0,7.0,8.0,9.0,10.0,10.0,9.0,10.0,10.0,8.0,6.0,6.0,8.0,8.0,9.0,9.0,10.0,9.0,9.0,10.0,9.0,10.0,10.0,10.0,11.0,12.0,12.0,11.0,11.0,11.0,11.0,11.0,14.0,15.0,21.0,16.0,ü,+7,,k,,üü
323,333,,p,1.0,1.0,1.0,1.0,2.0,2.0,2.0,2.0,3.0,3.0,3.0,3.0,3.0,4.0,4.0,5.0,5.0,6.0,6.0,7.0,7.0,9.0,11.0,13.0,12.0,11.0,13.0,12.0,12.0,12.0,12.0,11.0,12.0,11.0,12.0,12.0,12.0,13.0,13.0,14.0,15.0,15.0,15.0,16.0,17.0,22.0,20.0,24.0,5.0,ü,-77,yes,m,,üü
324,33302,,p,0.0,1.0,1.0,1.0,1.0,1.0,2.0,2.0,2.0,2.0,2.0,2.0,3.0,3.0,3.0,4.0,4.0,5.0,5.0,5.0,6.0,7.0,8.0,10.0,10.0,8.0,10.0,8.0,9.0,8.0,8.0,8.0,8.0,7.0,8.0,9.0,9.0,8.0,9.0,9.0,10.0,10.0,10.0,11.0,11.0,14.0,13.0,17.0,3.0,,-78,yes,m,,üü
325,33303,,p,0.0,0.0,0.0,0.0,0.0,0.0,0.0,1.0,1.0,1.0,1.0,1.0,1.0,1.0,1.0,1.0,1.0,1.0,1.0,1.0,2.0,2.0,3.0,3.0,2.0,3.0,3.0,3.0,3.0,3.0,3.0,3.0,3.0,3.0,3.0,3.0,3.0,4.0,3.0,4.0,4.0,4.0,4.0,4.0,4.0,6.0,5.0,5.0,9.0,,+57,yes,k,,ü
326,33304,,p,,,,,,,,,,,,,,,,,,,,,,,,,,,,1.0,1.0,1.0,1.0,1.0,1.0,1.0,1.0,1.0,1.0,1.0,1.0,1.0,1.0,1.0,1.0,2.0,1.0,3.0,2.0,2.0,1.0,,-51,yes,m,, 
327,334,,p,0.0,0.0,0.0,0.0,0.0,0.0,0.0,0.0,0.0,0.0,0.0,0.0,0.0,0.0,0.0,0.0,0.0,1.0,1.0,1.0,1.0,2.0,2.0,4.0,3.0,4.0,3.0,3.0,3.0,3.0,4.0,3.0,3.0,4.0,4.0,5.0,4.0,4.0,5.0,4.0,5.0,5.0,1.0,1.0,1.0,1.0,1.0,2.0,1.0,,-5,,,,ü
328,335,,p,0.0,0.0,0.0,0.0,0.0,1.0,1.0,1.0,1.0,1.0,1.0,1.0,1.0,1.0,1.0,1.0,1.0,1.0,1.0,1.0,1.0,1.0,1.0,1.0,1.0,1.0,1.0,1.0,1.0,1.0,1.0,1.0,1.0,1.0,1.0,1.0,1.0,1.0,1.0,1.0,1.0,1.0,2.0,1.0,1.0,2.0,2.0,1.0,29.0,ü,"+1,596",yes,k,,üü
329,336,,p,0.0,0.0,0.0,0.0,0.0,0.0,0.0,0.0,0.0,0.0,0.0,0.0,0.0,1.0,1.0,1.0,1.0,1.0,1.0,1.0,2.0,1.0,1.0,1.0,1.0,1.0,1.0,2.0,2.0,2.0,2.0,2.0,2.0,2.0,1.0,1.0,2.0,1.0,2.0,2.0,2.0,2.0,21.0,26.0,26.0,26.0,26.0,37.0,2.0,,-93,yes,m,,üü
330,33602,,p,2.0,2.0,3.0,3.0,3.0,4.0,4.0,5.0,5.0,6.0,6.0,7.0,8.0,8.0,8.0,9.0,9.0,11.0,12.0,11.0,11.0,11.0,11.0,11.0,11.0,10.0,13.0,15.0,15.0,15.0,18.0,17.0,18.0,18.0,22.0,21.0,20.0,20.0,21.0,21.0,21.0,21.0,1.0,1.0,2.0,2.0,1.0,3.0,10.0,ü,+475,yes,k,,ü
331,33603,,p,,,,,,,,,,,,,,,,,,,,,,,,,,,,5.0,5.0,5.0,5.0,6.0,5.0,5.0,6.0,7.0,7.0,7.0,7.0,7.0,8.0,7.0,7.0,9.0,9.0,10.0,11.0,13.0,9.0,ü,-3,,,,üü
332,33604,,p,,,,,,,,,,,,,,,,,,,,,,,,,,,,5.0,5.0,6.0,5.0,6.0,5.0,6.0,6.0,6.0,6.0,6.0,7.0,7.0,6.0,7.0,7.0,8.0,9.0,8.0,8.0,12.0,1.0,û,-89,yes,m,,ü
333,33605,,p,,,,,,,,,,,,,,,,,,,,,,,,,,,,0.0,0.0,0.0,0.0,0.0,0.0,0.0,0.0,0.0,0.0,0.0,0.0,0.0,0.0,0.0,0.0,1.0,0.0,0.0,0.0,0.0,3.0,,+887,yes,k,,û
334,33606,,p,,,,,,,,,,,,,,,,,,,,,,,,,,,,2.0,2.0,2.0,2.0,2.0,2.0,2.0,2.0,2.0,2.0,2.0,2.0,2.0,3.0,4.0,4.0,5.0,4.0,4.0,4.0,6.0,4.0,,-5,,,,ü
335,33607,,p,2.0,2.0,3.0,3.0,3.0,4.0,4.0,5.0,5.0,6.0,6.0,7.0,8.0,8.0,8.0,9.0,9.0,11.0,12.0,11.0,11.0,11.0,11.0,11.0,11.0,10.0,13.0,2.0,2.0,2.0,5.0,3.0,3.0,4.0,6.0,5.0,3.0,3.0,3.0,3.0,2.0,2.0,1.0,2.0,2.0,2.0,2.0,3.0,1.0,û,-69,yes,m,, 
336,339,,p,0.0,0.0,0.0,0.0,0.0,0.0,0.0,0.0,0.0,0.0,0.0,0.0,0.0,0.0,0.0,0.0,0.0,1.0,1.0,1.0,1.0,2.0,2.0,4.0,3.0,4.0,3.0,3.0,3.0,3.0,4.0,3.0,3.0,4.0,4.0,5.0,4.0,4.0,5.0,4.0,5.0,5.0,5.0,6.0,6.0,7.0,10.0,10.0,0.0,û,-99,yes,m,,ü
337,340344,,p,,,,,,,,,,,,,,,,,,,47.0,49.0,48.0,54.0,56.0,57.0,57.0,61.0,65.0,72.0,74.0,83.0,81.0,77.0,81.0,79.0,81.0,85.0,89.0,93.0,96.0,100.0,95.0,93.0,92.0,92.0,100.0,112.0,111.0,124.0,119.0,üü,+6,,k,,üüü
338,340,,p,,,,,,,,,,,,,,,,,,,14.0,12.0,11.0,10.0,11.0,11.0,10.0,11.0,12.0,10.0,10.0,11.0,11.0,10.0,11.0,10.0,10.0,11.0,10.0,8.0,8.0,8.0,7.0,7.0,7.0,6.0,6.0,6.0,6.0,7.0,8.0,ü,+20,,,,üü
339,341,,p,,,,,,,,,,,,,,,,,,,22.0,23.0,23.0,27.0,28.0,28.0,28.0,31.0,33.0,41.0,44.0,50.0,51.0,47.0,47.0,47.0,48.0,52.0,52.0,51.0,51.0,52.0,51.0,46.0,46.0,41.0,47.0,50.0,47.0,48.0,49.0,üü,-1,,,,üü
340,343,,p,,,,,,,,,,,,,,,,,,,2.0,3.0,4.0,4.0,3.0,4.0,4.0,4.0,3.0,3.0,3.0,2.0,2.0,2.0,3.0,3.0,3.0,3.0,4.0,6.0,7.0,8.0,8.0,7.0,7.0,9.0,6.0,8.0,9.0,10.0,8.0,ü,+7,,,,üü
341,344,,p,,,,,,,,,,,,,,,,,,,10.0,11.0,11.0,13.0,14.0,14.0,15.0,15.0,17.0,17.0,18.0,19.0,17.0,17.0,20.0,20.0,19.0,20.0,23.0,28.0,30.0,32.0,30.0,32.0,32.0,37.0,40.0,48.0,48.0,59.0,53.0,üü,+12,,k,,üü
342,350355,,p,,,,,,,,,,,,,,,,,,,56.0,60.0,60.0,63.0,70.0,72.0,71.0,67.0,84.0,81.0,77.0,81.0,84.0,78.0,80.0,83.0,87.0,93.0,96.0,101.0,102.0,104.0,110.0,113.0,114.0,112.0,122.0,116.0,132.0,152.0,133.0,üü,+15,yes,k,,üüü
343,350,,p,,,,,,,,,,,,,,,,,,,13.0,14.0,13.0,15.0,17.0,16.0,17.0,15.0,19.0,18.0,17.0,18.0,20.0,20.0,20.0,21.0,22.0,23.0,25.0,26.0,29.0,31.0,33.0,32.0,32.0,34.0,37.0,35.0,41.0,52.0,46.0,üü,+31,yes,k,,üüü
344,351,,p,,,,,,,,,,,,,,,,,,,27.0,29.0,30.0,31.0,34.0,38.0,37.0,34.0,46.0,39.0,36.0,39.0,40.0,36.0,37.0,39.0,40.0,44.0,45.0,47.0,43.0,44.0,47.0,48.0,50.0,46.0,52.0,48.0,56.0,58.0,51.0,ü,+6,,,,üü
345,352,,p,,,,,,,,,,,,,,,,,,,1.0,1.0,1.0,1.0,1.0,1.0,2.0,2.0,2.0,3.0,3.0,3.0,3.0,3.0,3.0,4.0,4.0,3.0,3.0,3.0,3.0,3.0,3.0,4.0,4.0,4.0,3.0,4.0,4.0,3.0,3.0,ü,-9,,,,üü
346,353,,p,,,,,,,,,,,,,,,,,,,13.0,14.0,13.0,14.0,14.0,14.0,14.0,14.0,15.0,19.0,19.0,19.0,18.0,17.0,17.0,18.0,19.0,20.0,21.0,22.0,24.0,24.0,25.0,25.0,25.0,25.0,27.0,27.0,28.0,33.0,29.0,üü,+10,,k,,üü
347,35301,,p,,,,,,,,,,,,,,,,,,,2.0,1.0,1.0,1.0,2.0,2.0,2.0,2.0,2.0,2.0,2.0,3.0,2.0,2.0,3.0,2.0,2.0,2.0,2.0,3.0,2.0,2.0,2.0,2.0,1.0,2.0,2.0,2.0,2.0,2.0,2.0,ü,+8,,,,ü
348,35302,,p,,,,,,,,,,,,,,,,,,,11.0,13.0,12.0,13.0,12.0,12.0,11.0,12.0,12.0,16.0,17.0,16.0,16.0,15.0,15.0,16.0,16.0,18.0,18.0,20.0,22.0,22.0,23.0,24.0,23.0,23.0,25.0,25.0,26.0,31.0,28.0,ü,+10,,k,,üü
349,354,,p,,,,,,,,,,,,,,,,,,,2.0,2.0,2.0,2.0,3.0,2.0,2.0,2.0,2.0,2.0,2.0,2.0,2.0,2.0,2.0,2.0,2.0,2.0,2.0,2.0,2.0,2.0,2.0,3.0,3.0,3.0,3.0,3.0,3.0,6.0,4.0,û,+45,,,,û
350,355,,p,,,,,,,,,,,,,,,,,,,,,,,,,,,,0.0,0.0,0.0,0.0,0.0,0.0,0.0,0.0,0.0,0.0,0.0,0.0,0.0,0.0,0.0,0.0,0.0,0.0,0.0,0.0,0.0,0.0,û,+121,,,,û
351,380389,,p,,,,,,,,,,,,,,,,,,,151.0,158.0,152.0,180.0,187.0,193.0,211.0,208.0,239.0,244.0,249.0,265.0,266.0,265.0,273.0,281.0,262.0,289.0,307.0,308.0,330.0,324.0,330.0,332.0,328.0,351.0,385.0,380.0,392.0,482.0,395.0,üü,+4,,,,üüü
352,381,,p,,,,,,,,,,,,,,,,,,,18.0,18.0,19.0,21.0,23.0,25.0,21.0,21.0,24.0,20.0,20.0,19.0,18.0,16.0,19.0,20.0,17.0,21.0,21.0,19.0,21.0,20.0,19.0,22.0,23.0,28.0,25.0,26.0,28.0,48.0,34.0,ü,+33,yes,k,,üü
353,382,,p,,,,,,,,,,,,,,,,,,,26.0,27.0,26.0,31.0,33.0,35.0,36.0,36.0,42.0,46.0,45.0,51.0,49.0,47.0,49.0,47.0,45.0,48.0,48.0,48.0,49.0,51.0,50.0,47.0,48.0,56.0,54.0,56.0,60.0,73.0,62.0,ü,+11,,,,üü
354,383,,p,,,,,,,,,,,,,,,,,,,7.0,6.0,7.0,10.0,11.0,8.0,9.0,8.0,8.0,7.0,6.0,8.0,7.0,7.0,8.0,11.0,11.0,13.0,14.0,15.0,15.0,17.0,16.0,16.0,15.0,14.0,17.0,19.0,16.0,20.0,16.0,ü,-16,,,,ü
355,384,,p,,,,,,,,,,,,,,,,,,,49.0,56.0,55.0,65.0,67.0,75.0,97.0,90.0,103.0,107.0,110.0,118.0,131.0,134.0,133.0,139.0,130.0,143.0,153.0,156.0,164.0,161.0,160.0,165.0,161.0,169.0,190.0,190.0,184.0,232.0,181.0,ü,-5,,,,üü
356,38402,,p,,,,,,,,,,,,,,,,,,,1.0,1.0,1.0,1.0,2.0,2.0,1.0,1.0,1.0,7.0,7.0,8.0,10.0,8.0,12.0,11.0,7.0,8.0,16.0,10.0,13.0,16.0,18.0,19.0,20.0,19.0,24.0,30.0,22.0,28.0,27.0,,-10,,,,ü
357,38403,,p,,,,,,,,,,,,,,,,,,,49.0,55.0,54.0,64.0,66.0,74.0,96.0,89.0,102.0,100.0,103.0,110.0,121.0,126.0,121.0,128.0,123.0,135.0,137.0,145.0,150.0,145.0,141.0,145.0,141.0,150.0,166.0,160.0,162.0,204.0,154.0,ü,-4,,,,üü
358,385,,p,,,,,,,,,,,,,,,,,,,0.0,0.0,0.0,0.0,1.0,1.0,0.0,0.0,1.0,0.0,0.0,0.0,0.0,0.0,0.0,0.0,0.0,0.0,1.0,1.0,1.0,1.0,1.0,1.0,1.0,1.0,1.0,2.0,3.0,3.0,3.0,,+43,,,,ü
359,386,,p,,,,,,,,,,,,,,,,,,,11.0,9.0,10.0,9.0,10.0,10.0,8.0,9.0,10.0,9.0,10.0,8.0,8.0,8.0,7.0,7.0,7.0,6.0,6.0,7.0,7.0,7.0,7.0,6.0,7.0,6.0,7.0,5.0,6.0,7.0,5.0,,-5,,,,ü
360,387,,p,,,,,,,,,,,,,,,,,,,37.0,39.0,33.0,40.0,40.0,36.0,36.0,40.0,45.0,46.0,45.0,47.0,44.0,42.0,46.0,47.0,43.0,48.0,54.0,51.0,61.0,58.0,65.0,60.0,60.0,67.0,76.0,72.0,83.0,85.0,81.0,ü,+13,,,,üü
361,388,,p,,,,,,,,,,,,,,,,,,,3.0,2.0,3.0,2.0,2.0,3.0,3.0,3.0,4.0,5.0,6.0,6.0,5.0,6.0,7.0,6.0,7.0,7.0,9.0,7.0,9.0,8.0,10.0,12.0,12.0,9.0,13.0,10.0,10.0,13.0,11.0,,+13,,,,ü
362,389,,p,,,,,,,,,,,,,,,,,,,0.0,0.0,0.0,0.0,0.0,1.0,0.0,1.0,3.0,6.0,6.0,6.0,4.0,4.0,4.0,2.0,3.0,2.0,3.0,3.0,3.0,2.0,2.0,2.0,2.0,1.0,1.0,1.0,1.0,1.0,1.0,û,+113,,k,, 
